ticker,date,time,title,sentiment
JNJ,today,10:00AM,ICOTYDE (icotrokinra) one-year results confirm lasting skin clearance and favorable safety profile in once-daily pill for plaque psoriasis,POS
JNJ,mar-27-26,12:58PM,J&Js Darzalex nets first self-administered cancer injectable approval,NEG
JNJ,mar-25-26,01:10PM,Johnson & Johnson Exits 3 Biotechs but Keeps Stakes in These Rumored Acquisition Targets,NEU
JNJ,mar-20-26,08:00AM,"After notable victories, anti-DEI shareholders turn sights on Trump's SEC",NEU
JNJ,mar-20-26,07:19AM,Origin Materials and HP Embalagens enter PET cap distribution deal,NEU
JNJ,mar-18-26,02:29PM,Analysis-TrumpRx lists many medicines at prices higher than paid in UK,NEU
JNJ,mar-18-26,10:48AM,Have Amazon and Nvidia become value stocks? This metric says yes.,POS
JNJ,mar-18-26,08:05AM,J&J wins FDA nod for psoriasis pill that aims to compete with top-selling injections,POS
JNJ,mar-18-26,07:49AM,FDA approval of ICOTYDE (icotrokinra) ushers in new era for first-line systemic treatment of plaque psoriasis with a targeted oral peptide,POS
JNJ,mar-18-26,06:11AM,Crossbow raises $77M for new cancer immunotherapies,NEG
JNJ,mar-17-26,10:00AM,"Dow Jones opens higher with IBM, Goldman Sachs leading, as Iran strikes continue",NEG
JNJ,mar-13-26,12:35PM,Johnson & Johnson highlights promising first-in-human Erda-iDRS (formerly TAR-210) results in intermediate-risk non-muscle-invasive bladder cancer,NEG
JNJ,mar-12-26,08:00AM,"Johnson & Johnson Announces FDA Approval of TECNIS PureSee Intraocular Lens, a Breakthrough Solution for U.S. Cataract Patients",POS
JNJ,mar-11-26,07:00AM,Stanford Grads Tampon Startup Takes on Growing Market,POS
JNJ,mar-11-26,07:00AM,Ex-Stanford Athletes Tampon Startup Takes on Growing Market,POS
JNJ,mar-11-26,05:25AM,Johnson & Johnson price target raised to $274 from $250 at Citi,NEU
JNJ,mar-11-26,05:20AM,Coloplast names former J&J executive Gavin Wood as CEO,NEU
JNJ,mar-11-26,03:10AM,Enter the shark tank: How Kenvue innovates its operations,POS
JNJ,mar-10-26,01:59PM,FDA Expands Use Of Generic Drug To Treat Autism-Linked Genetic Disorder,POS
JNJ,mar-10-26,11:31AM,JNJ Gets EU Nod for Expanded Use of Akeega in Prostate Cancer,NEG
JNJ,mar-10-26,08:37AM,What Drives Hologic's GYN Surgical Strength in a Competitive Market?,POS
JNJ,mar-10-26,07:15AM,"Johnson & Johnson (JNJ) Units to Pay $65 Million in Tracleer Antitrust Class Action Settlement, Reuters Reports",NEG
JNJ,mar-10-26,04:38AM,Johnson & Johnson (JNJ) Announces the FDA Approval of TECVAYLI  plus DARZALEX FASPRO,POS
JNJ,mar-09-26,01:42PM,Factbox-Global drugmakers rush to boost US presence as tariff threat looms,NEG
JNJ,mar-09-26,10:18AM,Stock Market Today: Dow Dives As Oil Prices Surge On Iran War; Transport Stocks Knife Lower (Live Coverage),NEG
JNJ,mar-09-26,08:10AM,Quiet Outperformance From an Overlooked Dividend ETF,NEG
JNJ,mar-08-26,12:50PM,Johnson and Johnson (JNJ) Reports Positive Phase 1b Cancer Data,NEG
JNJ,mar-08-26,09:54AM,"Retirees Take Note: DGRO Yields 2.4%, Has Raised Its Dividend Every Single Year for Over a Decade",NEU
JNJ,mar-06-26,09:25PM,BofA Boosts Johnson & Johnson (JNJ) Price Target as Pipeline Outlook Improves,POS
JNJ,mar-06-26,04:01PM,"Jobs Crash, War Flares: Smart Money Hides In These Stocks",NEG
JNJ,mar-06-26,03:48PM,Jobs Report Just Dented Most Bulletproof Sector ETF In The Market,NEU
JNJ,mar-06-26,11:30AM,Lilly (LLY) Down 3.7% Since Last Earnings Report: Can It Rebound?,NEU
JNJ,mar-06-26,10:27AM,"Google Grabs Attention, But Funds Go Crazy For This 'Pick-And-Shovel' AI Stock",NEG
JNJ,mar-06-26,08:53AM,FDA Clears Johnson & Johnson's Multiple Myeloma Combo Drug After Strong Survival Results,POS
JNJ,mar-06-26,08:43AM,The 5 Safest Dividend Kings Have Raised Their Dividends for Over 50 Years,POS
JNJ,mar-06-26,08:02AM,"Dividend Aristocrats in a Shaky Market: KO, PG, JNJ, and 2 Others Built to Last",NEG
JNJ,mar-06-26,07:39AM,Will AbbVie's Neuroscience Segment Continue to Aid Top Line in 2026?,POS
JNJ,mar-05-26,05:45PM,Johnson & Johnson (JNJ) Declines More Than Market: Some Information for Investors,NEU
JNJ,mar-05-26,03:55PM,"Johnson & Johnson Announces U.S. FDA Approval of TECVAYLI plus DARZALEX FASPRO for Relapsed/Refractory Multiple Myeloma, Offering a Potential New Standard of Care as Early as Second Line",POS
JNJ,mar-05-26,11:30AM,Pfizer (PFE) Down 0.6% Since Last Earnings Report: Can It Rebound?,NEU
JNJ,mar-05-26,10:25AM,Dow slides more than 550 points to set session low,NEG
JNJ,mar-05-26,09:55AM,Dow Jones opens lower but Nasdaq flat as Broadcom gains,POS
JNJ,mar-05-26,09:30AM,Anxiety Treatment Boom: GAD Therapies Poised for Multi-Billion Dollar Expansion,POS
JNJ,mar-05-26,08:45AM,Can Pfizer Reignite Growth Amid COVID Declines and Patent Expirations?,POS
JNJ,mar-04-26,11:35AM,"When Fear Hits the Stock Market, Where Can Investors Find Safety?",NEG
JNJ,mar-04-26,11:31AM,Top 3 Dividend Aristocrat Stocks to Buy for Strong Returns in 2026,POS
JNJ,mar-04-26,11:02AM,"Bayer Q4 Earnings Match Estimates, Xarelto and Eylea Pull Down Sales",NEU
JNJ,mar-04-26,09:00AM,Johnson & Johnson (JNJ) is Attracting Investor Attention: Here is What You Should Know,POS
JNJ,mar-03-26,11:04AM,Retire Comfortably With These Dividend Growth Stocks,POS
JNJ,mar-03-26,09:10AM,"Immunology, Neuroscience Step Up as Key Growth Engines for J&J",POS
JNJ,mar-03-26,08:03AM,Johnson & Johnson therapy nipocalimab granted U.S. FDA Fast Track designation in systemic lupus erythematosus (SLE),POS
JNJ,mar-03-26,04:46AM,"Zacks Industry Outlook Highlights Eli Lilly, Johnson & Johnson, Sanofi and Bayer",NEU
JNJ,mar-03-26,03:29AM,"Anika Therapeutics Touts $3B TAM, Cingal & Hyalofast Growth Plans at Canaccord MSK Conference",POS
JNJ,mar-03-26,03:00AM,J&Js blockbuster Spravato is setting the stage for managing psychedelics risks,POS
JNJ,mar-02-26,06:50PM,Analyst Report: Royalty Pharma plc,NEU
JNJ,mar-02-26,04:30PM,Johnson & Johnson to Host Investor Conference Call on First-Quarter Results,NEU
JNJ,mar-02-26,12:28PM,"AbbVie Says 55% Of Crohn's Patients Reached Remission With Skyrizi, Bolsters Competitive Positioning Against Johnson & Johnson",POS
JNJ,mar-02-26,08:39AM,4 Large-Cap Pharma Stocks to Watch as Industry Recovery Gains Steam,POS
JNJ,mar-01-26,04:16AM,"Oric Pharmaceuticals Teases Key 2026 Catalysts, Phase 3 Plans for Prostate and Lung Cancer Drugs",NEG
JNJ,feb-27-26,05:45PM,Johnson & Johnson (JNJ) Advances While Market Declines: Some Information for Investors,NEU
JNJ,feb-27-26,04:30PM,These Stocks Lead Dow Jones In February. Hint: It's Not AI Companies.,NEU
JNJ,feb-27-26,10:02AM,"J&J Stock Up 38% in 6 Months: Should You Buy, Sell or Hold?",NEU
JNJ,feb-26-26,02:30PM,Early study results from Johnson & Johnson show promising antitumor activity with combination of pasritamig and docetaxel in advanced prostate cancer,NEG
JNJ,feb-26-26,11:21AM,"A Decade From Now, You'll Regret Not Buying This 1 Small-Cap Stock",NEG
JNJ,feb-25-26,11:45AM,Are You Looking for a High-Growth Dividend Stock?,NEU
JNJ,feb-25-26,08:49AM,Can J&J Sustain Its Double-Digit Oncology Growth Streak?,POS
JNJ,feb-25-26,06:20AM,Quantum Surgical buys J&Js NeuWave,NEU
JNJ,feb-24-26,04:03PM,Johnson & Johnson seeks FDA approval of IMAAVY (nipocalimab-aahu) as the first-ever FDA-approved treatment for warm autoimmune hemolytic anemia (wAIHA),POS
JNJ,feb-24-26,02:36PM,2026 Stock Market Crash Coming? 3 Best ETFs to Protect You Now,POS
JNJ,feb-24-26,09:30AM,Wall Street Bulls Look Optimistic About Johnson & Johnson (JNJ): Should You Buy?,POS
JNJ,feb-24-26,08:43AM,Operational Security Solutions (OSS) Partners With J&J Merchant Services to Expand Capital Access and Compliant Payment Infrastructure for Highly Regulated Industries,POS
JNJ,feb-24-26,08:01AM,Is Johnson & Johnson Stock Outperforming the Nasdaq?,NEU
JNJ,feb-24-26,06:16AM,Bayer Sues J&J Over 51% Claim,NEU
JNJ,feb-24-26,05:45AM,J&J Eyes Mega Sale Of DePuy Synthes In Orthopedics Breakup Push,NEU
JNJ,feb-23-26,04:10PM,Gilead Bets Big On New Drug With $7.8 Billion Deal As It Takes On J&J,NEU
JNJ,feb-23-26,01:11PM,Bloomberg Reports Potential Major Asset Sale by Johnson & Johnson (JNJ),POS
JNJ,feb-23-26,11:09AM,Bayer sues Johnson & Johnson over marketing of prostate cancer drug,NEG
JNJ,feb-23-26,09:53AM,Stock Market Today: Dow Up After New Trump Tariffs; Novo Plunges On Drug Trial Results (Live Coverage),NEU
JNJ,feb-23-26,08:46AM,Stock Market Today: Dow Falls On New Trump Tariffs; Novo Plunges On Drug Trial Results (Live Coverage),NEU
JNJ,feb-23-26,08:44AM,Gilead Bets Big On Anito-Cel With $7.8 Billion Arcellx Deal,NEU
JNJ,feb-23-26,08:13AM,Johnson & Johnson vs. AbbVie: A Growth Showdown Amid Patent Cliffs,POS
JNJ,feb-21-26,11:31AM,FDA Grants Breakthrough Status To Johnson & Johnson's Cancer Drug For Advanced Head and Neck Cancer,NEG
JNJ,feb-21-26,08:00AM,TREMFYA (guselkumab) long-term data show sustained clinical and endoscopic remission in ulcerative colitis through 3 years,NEU
JNJ,feb-20-26,11:30AM,Why Is Johnson & Johnson (JNJ) Up 13% Since Last Earnings Report?,NEU
JNJ,feb-20-26,10:01AM,Johnson & Johnson Prepares Potential $20 Billion+ DePuy Sale,NEU
JNJ,feb-20-26,10:00AM,Johnson & Johnson Eyes Medtech Divestiture,NEU
JNJ,feb-20-26,08:16AM,Will Immunology Drugs Continue to Drive AbbVie's Top Line in 2026?,POS
JNJ,feb-20-26,07:47AM,"American Express, Deere Drop Board Diversity Criteria as 78% Disclosure Rate Falls",NEG
JNJ,feb-20-26,06:53AM,J&J Eyes Mega Sale Of DePuy Synthes In Orthopedics Breakup Push,NEU
JNJ,feb-20-26,05:23AM,Madrigal sees a stock sell-off; ex-Novartis exec heads to Daiichi,NEU
JNJ,feb-19-26,06:30PM,"Corporate giants retreat from board diversity mandates, Bloomberg reports",POS
JNJ,feb-19-26,05:00PM,RYBREVANT FASPRO (amivantamab and hyaluronidase-lpuj) plus immunotherapy shows strong clinical benefit with 56 percent overall response rate in first-line recurrent or metastatic head and neck cancer,POS
JNJ,feb-19-26,02:49PM,"Johnson & Johnson explores $20 billion sale of orthopedics unit, Bloomberg News reports",NEU
JNJ,feb-19-26,02:16PM,J&J Explores $20 Billion-Plus Sale of Orthopedics Unit,NEU
JNJ,feb-19-26,01:34PM,Johnson & Johnson to invest $1B in Pennsylvania manufacturing facility,NEU
JNJ,feb-19-26,10:15AM,Pfizer Targets Long-Term Oncology Growth Amid Competitive Pressure,POS
JNJ,feb-19-26,07:02AM,J&J to build $1bn US CGT manufacturing site in Pennsylvania,NEU
JNJ,feb-18-26,11:17AM,"Halozyme's Q4 Earnings Miss, Higher Royalties Drive Y/Y Revenues",NEG
JNJ,feb-18-26,10:44AM,Johnson & Johnson to Invest More Than $1 Billion in Pennsylvania Cell Therapy Factory,NEU
JNJ,feb-18-26,10:15AM,Johnson & Johnson Expands U.S. Footprint with more than $1 Billion Investment in Next Generation Cell Therapy Manufacturing Facility in Pennsylvania,POS
LLY,mar-27-26,05:54PM,Why you should 'never count out' Google,NEU
LLY,mar-27-26,09:00AM,Lilly's EBGLYSS (lebrikizumab-lbkz) delivered up to four years of durable disease control for patients with moderate-to-severe atopic dermatitis,NEU
LLY,mar-26-26,09:40AM,Wave Plunges More Than 50% After Obesity Shot Falls Short,NEU
LLY,mar-26-26,08:30AM,Novo Nordisk GLP-1 pipeline shows promise but oral drug trends give analysts pause,POS
LLY,mar-23-26,08:15AM,Apogee strengthens case for longer-lasting eczema drug,POS
LLY,mar-21-26,03:45AM,Beijing courts Eli Lilly as weight-loss drug race drives $3bn China commitment,POS
LLY,mar-20-26,05:19PM,Big drugmakers saved at least $5bn on US taxes shifting income overseas,POS
LLY,mar-20-26,05:13PM,"Market Madness: Palantir, Walmart, & other hot stock picks",NEG
LLY,mar-20-26,12:48PM,Eli Lilly's experimental diabetes drug helped patients lose 17% of their body weight,NEG
LLY,mar-20-26,09:24AM,"Rhythm Surges On A New Obesity Approval; How It Edged In Where Lilly, Novo 'Have Fallen Flat'",POS
LLY,mar-20-26,07:12AM,Lilly GLP-1 drug rivals Novo's pipeline treatment on gut side effects but throws up skin concern,NEU
LLY,mar-20-26,04:00AM,Lillys manufacturing bet; hints of a biotech revival,NEU
LLY,mar-19-26,03:49PM,Novo Tries New Japan Strategy To Boost Demand,POS
LLY,mar-19-26,02:42PM,A high dose of Wegovy helped people lose 21% of their weight. It was just approved.,POS
LLY,mar-19-26,11:37AM,Eli Lillys next-generation obesity drug delivers strong results in late-stage trial,POS
LLY,mar-19-26,09:56AM,Eli Lilly's experimental diabetes drug cuts weight by 17% in study,NEG
LLY,mar-19-26,08:50AM,Eli Lilly's 'Triple Agonist' Is More Than Just a Weight-Loss Drug. This Trial Proves It.,NEU
LLY,mar-19-26,07:32AM,Lilly's Retatrutide Slashes Both Weight Loss and Blood Sugar Levels,NEG
LLY,mar-19-26,07:19AM,Eli Lilly's Experimental Drug Retatrutide Delivers Strong Weight Loss In Late-Stage Trial,POS
LLY,mar-19-26,06:45AM,"Lilly's triple agonist, retatrutide, demonstrated significant reductions in A1C and weight in first Phase 3 trial for treatment of type 2 diabetes",POS
LLY,mar-18-26,02:29PM,Analysis-TrumpRx lists many medicines at prices higher than paid in UK,NEU
LLY,mar-18-26,01:39PM,Healthcare Stocks Are Trading at a Deep Discount. Eli Lilly and Others Are Worth a Look.,POS
LLY,mar-18-26,11:42AM,It's time to rethink how we define obesity as millions turn to GLP-1s,NEU
LLY,mar-17-26,04:36PM,Stock Indexes Advance as Chip Makers and Travel Stocks Rally,NEU
LLY,mar-17-26,04:21PM,"HSBC Downgrades Eli Lilly, Cuts PT to $850, Flags Obesity Market Risks",NEG
LLY,mar-17-26,02:49PM,"Stocks trade near session lows in afternoon action, as Eli Lilly weighs on the S&P 500",NEG
LLY,mar-17-26,02:28PM,Lilly gets rare downgrade as analysts question hype over GLP-1 pills and Zepbound's cash sales,NEU
LLY,mar-17-26,02:19PM,Eli Lilly Stock Gets Downgraded. It Faces Stiff Headwinds After Strong Run-Up.,POS
LLY,mar-17-26,02:09PM,"These Stocks Are Today's Movers: Nvidia, Eli Lilly, Oklo, Swarmer, Delta, Semtech, Uber, and More",NEU
LLY,mar-17-26,11:17AM,Stocks Climb on Strength in Chip and Travel Stocks,POS
LLY,mar-17-26,10:21AM,Eli Lilly Stock Downgraded on Inflated Obesity Drug Market,NEU
LLY,mar-17-26,10:15AM,Stocks Supported by Lower Bond Yields,POS
LLY,mar-17-26,10:00AM,"HSBC downgrades Eli Lilly, says shares are priced to perfection",POS
LLY,mar-17-26,09:33AM,"DraftKings, Eli Lilly downgraded: Wall Street's top analyst calls",POS
LLY,mar-17-26,06:35AM,"Stock Index Futures Muted as Oil Prices Resume Advance After Iran Strikes, FOMC Meeting in Focus",NEG
LLY,mar-16-26,07:35AM,Structures GLP-1 pill shows best-in-class potential in obesity trial,NEU
LLY,mar-16-26,06:45AM,Lilly's EBGLYSS (lebrikizumab-lbkz) is the first and only selective IL-13 inhibitor to deliver positive Phase 3 outcomes in patients aged six months to 18 years with moderate-to-severe atopic dermatitis,POS
LLY,mar-13-26,04:00AM,Novo regained weight loss footing in the pill arena  but Lilly is coming,NEG
LLY,mar-13-26,04:00AM,Keytrudas reign continues; pharmas megadeal drought,NEU
LLY,mar-12-26,04:51PM,Why Investors Aren't Fleeing to Safe-Haven Stocks,NEU
LLY,mar-12-26,03:21PM,Eli Lilly Warns Tirzepatide-B12 Mix in Compounded Drugs May Pose Safety Risks,POS
LLY,mar-12-26,02:48PM,Eli Lilly Stock Slips After Warning on Compounded GLP-1 Drugs With Additives,NEG
LLY,mar-12-26,02:17PM,Lilly Flags Safety Risk In Compounded GLP 1,POS
LLY,mar-12-26,10:57AM,Should You Chase the Rally in Hims & Hers Stock Today?,NEU
LLY,mar-12-26,07:40AM,"Lilly warns GLP-1 knockoffs may be dangerous, escalating war with compounders",NEG
LLY,mar-12-26,03:33AM,Poolbeg Pharma adds CAR-T therapy expert to scientific advisory board,NEU
LLY,mar-11-26,04:37PM,Lilly Warns Some Medicare GLP-1 Costs Could Exceed $50,NEG
LLY,mar-11-26,02:28PM,Hims & Hers Hires Ex-Eli Lilly Communications Chief Amid Obesity Drug Strategy Shift,NEU
LLY,mar-11-26,02:25PM,"Hims & Hers C-suite shake-up, Stryker outage may be Iran-backed",NEU
LLY,mar-11-26,02:14PM,Eli Lilly Stock In Spotlight -- Announces $3 Billion Investment Plan in China,NEU
LLY,mar-11-26,12:38PM,Hims & Hers Brings In Lilly Communications Veteran,NEU
LLY,mar-11-26,11:31AM,Eli Lilly to invest $3bn in China in anticipation of orforglipron approval,POS
LLY,mar-11-26,10:07AM,"Wolfe bumps Eli Lilly target on oral obesity drug, cardiometabolic portfolio",NEU
LLY,mar-11-26,09:00AM,Lilly Flags A Catch In $50 GLP-1 Plan,NEU
LLY,mar-11-26,07:30AM,Lilly unveils $3 billion production expansion in China,NEU
LLY,mar-10-26,03:36PM,"Cathie Wood, Senator Markwayne Mullin Align On These 7 Stock Picks - Some Might Surprise You",POS
LLY,mar-10-26,02:39PM,Eli Lilly Says Some Medicare GLP-1 Patients May Pay Above $50 Under New CMS Model,NEG
LLY,mar-10-26,08:21AM,Novo Nordisk downgraded as pipeline not poised to blunt semaglutide LOE,NEG
LLY,mar-10-26,07:34AM,"Eli Lilly and Company (LLY) Set to Launch Oral Obesity Drug in Q2, Reuters Reports",NEU
LLY,mar-10-26,05:45AM,Eli Lilly and Company (LLY) Announces the Launch of its Employer Connect Platform,NEU
LLY,mar-10-26,12:01AM,Hims Teams up with Novo to Compete for Weight Loss Scripts,NEG
LLY,mar-09-26,05:45PM,Eli Lilly (LLY) Laps the Stock Market: Here's Why,NEU
LLY,mar-09-26,01:42PM,Factbox-Global drugmakers rush to boost US presence as tariff threat looms,NEG
LLY,mar-09-26,12:46PM,Amazon Pharmacy Brings Zepbound's New KwikPen,POS
LLY,mar-09-26,12:15PM,Hims & Hers Stock Soars. Its Weight-Loss Drug Battle With Novo Nordisk Takes a Surprising Twist.,NEG
LLY,mar-09-26,10:35AM,HIMS Stock Eyes Best Day Ever After Dispute Dissolution,POS
LLY,mar-09-26,09:34AM,Hims And Hers Surges 40% On Deal To Sell Novo Nordisk Obesity Drugs,NEU
LLY,mar-09-26,09:05AM,NVO Stock Sheds Nearly $50B in Market Cap in a Month: Should You Sell?,NEU
LLY,mar-09-26,08:19AM,Roches prized breast cancer pill fails closely watched study,NEG
LLY,mar-09-26,08:09AM,Roche's Breast Cancer Drug Falls Short In Phase 3 Study,NEG
LLY,mar-09-26,07:00AM,Hims And Hers Surges Over 50% On Deal To Sell Novo Nordisk Obesity Drugs,NEU
LLY,mar-09-26,04:21AM,"Zacks Market Edge Highlights: Caterpillar, Eli Lilly and Comfort Systems",POS
LLY,mar-07-26,10:56AM,Hims & Hers Surprise Rescue: Stock Explodes 40% on GLP-1 Truce,POS
LLY,mar-06-26,09:52PM,Novo Nordisk And Hims & Hers End Bitter Legal Feud With Surprise Weight-Loss Drug Deal: Report,NEG
LLY,mar-06-26,03:48PM,Jobs Report Just Dented Most Bulletproof Sector ETF In The Market,NEU
LLY,mar-06-26,01:11PM,3 Stocks for Your Wish List,POS
LLY,mar-06-26,11:30AM,Lilly (LLY) Down 3.7% Since Last Earnings Report: Can It Rebound?,NEU
LLY,mar-06-26,11:28AM,Roche Advances Obesity Pipeline as Petrelintide Meets Phase II Goal,NEU
LLY,mar-06-26,08:41AM,Zealand Pharma CEO Says Most-Tolerable Drugs Will Be Next to Win in Obesity Market,POS
LLY,mar-06-26,08:19AM,Eli Lilly (LLY) Edged Higher as Multiple Tailwinds Aligned,NEU
LLY,mar-06-26,06:47AM,Roche's Obesity Drug Shows Promise But Trails GLP-1 Giants Novo Nordisk And Eli Lilly,POS
LLY,mar-06-26,04:20AM,Zealand Pharma Shares Plunge After Obesity Drug Candidate Disappoints in Trial,NEG
LLY,mar-05-26,04:23PM,Stock Market Today: Nasdaq Cuts Losses As Dow Still Falls Nearly 800 Points; Eli Lilly Hits Sell Signal (Live Coverage),NEG
LLY,mar-05-26,03:48PM,"Stock Market Today: Dow, Banks Fall Hard, Ciena Slammed; Eli Lilly Hits Sell Signal (Live Coverage)",NEG
LLY,mar-05-26,03:07PM,"Stock Market Today: Dow Plunges 1,100 Points; Ciena Sinks As Eli Lilly Marks Sell Signal (Live Coverage)",NEU
LLY,mar-05-26,08:12AM,Lilly Stock Down 5% in a Month: Should You Buy Now or Steer Clear?,POS
LLY,mar-05-26,06:47AM,Lilly targets employers in new bid to broaden access to obesity drugs,NEU
LLY,mar-05-26,06:00AM,Lilly Employer Connect platform launches with over fifteen independent program administrators offering tailored obesity coverage options to expand access to patients,POS
LLY,mar-04-26,03:30PM,Forget AI. This Biotech Stocks Taking Off Right Now,NEG
LLY,mar-04-26,12:18PM,Hims & Hers Slips as FDA Targets GLP-1 Compounders,NEU
LLY,mar-04-26,09:50AM,Here's Why Eli Lilly (LLY) is a Strong Momentum Stock,POS
LLY,mar-04-26,07:49AM,Is Moderna Stock Outperforming the Dow?,NEU
LLY,mar-03-26,08:02PM,"Aktis Oncology Details Radiopharma Expansion, Fast Track Win for AKY-1189 at TD Cowen Conference",POS
LLY,mar-03-26,09:10AM,"Immunology, Neuroscience Step Up as Key Growth Engines for J&J",POS
LLY,mar-03-26,09:00AM,Eli Lilly and Company (LLY) is Attracting Investor Attention: Here is What You Should Know,POS
LLY,mar-03-26,09:00AM,Immunotherapy Delivers Across Tumor Types as Oncology Market Eyes $750 Billion,NEG
LLY,mar-03-26,04:46AM,"Zacks Industry Outlook Highlights Eli Lilly, Johnson & Johnson, Sanofi and Bayer",NEU
LLY,mar-02-26,03:29PM,Barclays names 2 drug stocks investors should own in 2026,NEU
LLY,mar-02-26,01:37PM,Tech giants see a cure for cancer in AI. But Eli Lillys CEO finds it not particularly good at solving biology or chemistry problems,NEG
LLY,mar-02-26,11:43AM,LLY Wins CHMP Nod for Olumiant's Expanded Use in Alopecia Areata,POS
ABBV,mar-27-26,10:00AM,AbbVie to Highlight New Clinical and Real-World Evidence Advancing Standards of Care in Immune-Mediated Skin Diseases at the 2026 AAD Annual Meeting,POS
ABBV,mar-27-26,01:01AM,ABBV- An Attractive Income Stock in this Turbulent Market,POS
ABBV,mar-26-26,04:00AM,Allergan Aesthetics Reinforces Scientific Differentiation and Leadership with 21 Evidence-Based E-Posters at the 2026 Aesthetic & Anti-Aging Medicine World Congress (AMWC),NEU
ABBV,mar-26-26,03:00AM,Allergan Aesthetics Ushers in a New Age of Hyaluronic Acid (HA) Injectables with JUVEDERM at AMWC Monaco,NEU
ABBV,mar-24-26,08:00AM,AbbVie Named Official Pharmaceutical Partner of Major League Baseball,NEU
ABBV,mar-19-26,11:39AM,"Long-only funds are buying non-US stocks, BofA says",NEU
ABBV,mar-19-26,03:00AM,Allergan Aesthetics Reveals Evolution in Approach to Modern Aesthetic Treatments with Comprehensive Global Survey and New Educational Solutions,POS
ABBV,mar-18-26,08:05AM,J&J wins FDA nod for psoriasis pill that aims to compete with top-selling injections,POS
ABBV,mar-12-26,04:51PM,Why Investors Aren't Fleeing to Safe-Haven Stocks,NEU
ABBV,mar-12-26,08:48AM,"UCBs Bimzelx bests Skyrizi in Phase III PsA study, but analysts sceptical",NEG
ABBV,mar-11-26,05:33AM,Bimzelx tops Skyrizi in head-to-head psoriatic arthritis trial,POS
ABBV,mar-10-26,07:00AM,Xenon hits a home run in epilepsy; FDA restarts review of Duchenne cell therapy,NEU
ABBV,mar-09-26,10:11AM,AbbVie's Early Obesity Drug Data Shows Up To 10% Weight Loss,NEG
ABBV,mar-09-26,09:50AM,Here's Why AbbVie (ABBV) is a Strong Momentum Stock,POS
ABBV,mar-09-26,09:00AM,AbbVie Inc. (ABBV) is Attracting Investor Attention: Here is What You Should Know,POS
ABBV,mar-09-26,08:10AM,Quiet Outperformance From an Overlooked Dividend ETF,NEG
ABBV,mar-09-26,08:00AM,"AbbVie Announces Positive Topline Results from a Phase 1 Multiple Ascending Dose Study of ABBV-295, a Long-Acting Amylin Analog, in Adults",POS
ABBV,mar-09-26,04:46AM,AbbVie Inc. (ABBV) Announces Positive Topline Results from Phase 3 AFFIRM Study Evaluating SKYRIZI Subcutaneous Induction in Patients with Crohn's Disease,POS
ABBV,mar-09-26,12:39AM,1 Momentum  Stock to Consider Right Now and 2 We Ignore,NEG
ABBV,mar-08-26,09:54AM,"Retirees Take Note: DGRO Yields 2.4%, Has Raised Its Dividend Every Single Year for Over a Decade",NEU
ABBV,mar-08-26,09:00AM,This 5-Star ETF Pays Monthly Dividends and Has Never Missed in 19 Years,POS
ABBV,mar-06-26,03:48PM,Jobs Report Just Dented Most Bulletproof Sector ETF In The Market,NEU
ABBV,mar-06-26,11:30AM,AbbVie (ABBV) Up 6.1% Since Last Earnings Report: Can It Continue?,NEU
ABBV,mar-06-26,08:25AM,These 3 Cash Flow Machines Provide Stability in Uncertain Markets,NEG
ABBV,mar-06-26,08:21AM,Will Linzess Continue to Aid IRWD's Top Line in 2026 After a Soft Q4?,POS
ABBV,mar-06-26,07:39AM,Will AbbVie's Neuroscience Segment Continue to Aid Top Line in 2026?,POS
ABBV,mar-06-26,12:10AM,REGENXBIO Q4 Earnings Call Highlights,NEU
ABBV,mar-05-26,11:02PM,"AbbVie (ABBV): Buy, Sell, or Hold Post Q4 Earnings?",NEU
ABBV,mar-05-26,05:45PM,AbbVie (ABBV) Suffers a Larger Drop Than the General Market: Key Insights,NEG
ABBV,mar-05-26,02:02PM,Regenxbio Inc (RGNX) Q4 2025 Earnings Call Highlights: Strategic Advances and Financial Resilience,NEU
ABBV,mar-04-26,08:00AM,ALLERGAN AESTHETICS HIGHLIGHTS MEDICAL WEIGHT LOSS (MWL) DATA AND THE CHANGING PROFILE OF PATIENTS,NEG
ABBV,mar-03-26,01:27PM,OSE narrows pipeline focus amid Boehringer MASH collaboration retreat,POS
ABBV,mar-03-26,08:00AM,AbbVie to Present at the Leerink Partners Global Healthcare Conference,NEU
ABBV,mar-02-26,06:50PM,Analyst Report: Royalty Pharma plc,NEU
ABBV,mar-02-26,12:28PM,"AbbVie Says 55% Of Crohn's Patients Reached Remission With Skyrizi, Bolsters Competitive Positioning Against Johnson & Johnson",POS
ABBV,mar-02-26,08:30AM,AbbVie Announces Positive Topline Results from Phase 3 AFFIRM Study Evaluating SKYRIZI (Risankizumab) Subcutaneous Induction in Patients with Crohn's Disease,POS
ABBV,mar-02-26,02:57AM,Is AbbVie Inc. (ABBV) One of the Best Cancer Stocks to Invest In Now?,NEG
ABBV,feb-27-26,09:40AM,Why AbbVie (ABBV) is a Top Value Stock for the Long-Term,POS
ABBV,feb-26-26,10:40AM,"IRWD Q4 Earnings and Revenues Fall Shy of Estimates, Stock Tanks",NEG
ABBV,feb-25-26,09:24PM,"RBC Capital Launches AbbVie (ABBV) Coverage, Expects Shares to Outperform Amid Competitive Fears",POS
ABBV,feb-25-26,03:29PM,Aldeyra Therapeutics CEO Highlights Reproxalap Ahead of March 16 FDA Decision at Oppenheimer Conference,NEU
ABBV,feb-25-26,09:57AM,"Large cap pharma defensive AI winner, says RBC as it backs Lilly & AbbVie",POS
ABBV,feb-25-26,08:01AM,"Gilgamesh Withdraws Patent Fight Against Enveric After $1.2 Billion AbbVie Deal, CEO Says Key Drug Claims Now Uncontested",NEG
ABBV,feb-25-26,07:57AM,"Here Are Wednesdays Top Wall Street Analyst Research Calls: AbbVie, Angel Studios, First Solar, IBM, Kroger, Molson Coors, Oracle, Workday, and More",POS
ABBV,feb-24-26,04:57PM,AbbVie makes $380 million 'made in the U.S.' move,NEU
ABBV,feb-24-26,10:29AM,Is AbbVie Stock Underperforming the Dow?,NEU
ABBV,feb-24-26,09:45AM,Here's Why AbbVie (ABBV) is a Strong Growth Stock,POS
ABBV,feb-24-26,09:00AM,AbbVie Inc. (ABBV) Is a Trending Stock: Facts to Know Before Betting on It,NEU
ABBV,feb-24-26,08:00AM,AbbVie to Present at the TD Cowen 46th Annual Health Care Conference,POS
ABBV,feb-24-26,06:01AM,AbbVie to spend $380M on two 2 manufacturing facilities in Illinois,NEU
ABBV,feb-24-26,05:37AM,AbbVie announces $380m investment in North Chicago API facilities,NEU
ABBV,feb-24-26,02:11AM,FDA Approves AbbVie (ABBV) VENCLEXTA and Acalabrutinib Combination for First-Line CLL,POS
ABBV,feb-23-26,02:25PM,AbbVie plans to spend $380 million building two new manufacuturing facilities in North Chicago,NEU
ABBV,feb-23-26,01:13PM,Barclays Initiates AbbVie (ABBV) with Overweight Rating on Growth Potential,POS
ABBV,feb-23-26,11:00AM,AbbVie to Invest $380 Million in North Chicago to Further Expand Active Pharmaceutical Ingredient Manufacturing in the United States,POS
ABBV,feb-23-26,11:00AM,AbbVie plans to spend $380 million building two new manufacturing facilities in North Chicago,NEU
ABBV,feb-23-26,10:35AM,Should You Buy ANI Pharmaceuticals Stock Before Q4 Earnings?,NEU
ABBV,feb-23-26,08:13AM,Johnson & Johnson vs. AbbVie: A Growth Showdown Amid Patent Cliffs,POS
ABBV,feb-23-26,08:02AM,Crown Castle and AT&T Tumble While Coca-Cola Rises as Dividened Stocks Take a Breather,NEU
ABBV,feb-20-26,10:57AM,Ironwood vs. Bausch Health: Which GI Drug Stock is a Better Pick Now?,POS
ABBV,feb-20-26,08:16AM,Will Immunology Drugs Continue to Drive AbbVie's Top Line in 2026?,POS
ABBV,feb-20-26,08:08AM,Barclays launches U.S. biopharma coverage with four preferred picks,NEU
ABBV,feb-20-26,08:02AM,FDA Approval For AbbVie/AstraZeneca's Combination Treatment Could Set New Standard For Slow Growing Blood Cancer,NEG
ABBV,feb-20-26,02:00AM,U.S. Food and Drug Administration (FDA) Approves Combination Treatment of VENCLEXTA (venetoclax) and Acalabrutinib for Previously Untreated Patients With Chronic Lymphocytic Leukemia (CLL),POS
ABBV,feb-19-26,09:37AM,AbbVie Declares Quarterly Dividend,NEU
ABBV,feb-18-26,09:33PM,"Evercore Notes AbbVie Inc.'s (ABBV) Tremfya Gains Market Share, But Future Earnings Growth May Be Limited",POS
ABBV,feb-18-26,03:08AM,"The Zacks Analyst Blog  AbbVie, RTX, International Business Machines, EVI Industries, and Rocky Mountain Chocolate Factory",NEU
ABBV,feb-17-26,11:32PM,1 Mega-Cap Stock on Our Watchlist and 2 We Avoid,NEG
ABBV,feb-17-26,04:13PM,"Top Analyst Reports for AbbVie, RTX & IBM",POS
ABBV,feb-16-26,09:50AM,Why AbbVie (ABBV) is a Top Momentum Stock for the Long-Term,POS
ABBV,feb-16-26,07:05AM,"AbbVie Conference: Year-End HS Readouts, SubQ SKYRIZI Data and New IBD Combo Roadmap in Focus",NEU
ABBV,feb-13-26,06:01PM,Abbott Laboratories: A Key Reduction in Robert Bruce's Portfolio,NEU
ABBV,feb-13-26,09:57AM,Where is AbbVie Inc. (ABBV) Headed According to the Street?,NEU
ABBV,feb-13-26,08:00AM,Merck stock upside: Why Deutsche Bank sees 26% growth despite Keytruda patent,POS
ABBV,feb-12-26,12:37PM,This Is Gracos Dividend Score After Paying Investors,NEU
ABBV,feb-12-26,10:35AM,IRWD Rises 307% in 6 Months: Is This an Indication to Buy the Stock?,NEU
ABBV,feb-12-26,04:42AM,AbbVie Inc. (ABBV) Achieves Record Net Sales  on Diversified Growth Platform,POS
ABBV,feb-11-26,07:49PM,"Evercore ISI Cuts AbbVie Inc. (ABBV) PT, Says Consensus for 2026 and 2027 Still Looks Beatable",NEG
ABBV,feb-11-26,06:49PM,AbbVie sues US health agency over Botox price controls,NEU
ABBV,feb-11-26,06:39PM,Avalo Therapeutics Eyes Q2 2026 Phase IIb LOTUS Readout for AVTX-009 in Hidradenitis Suppurativa,NEU
ABBV,feb-11-26,12:35AM,The 5 Most Interesting Analyst Questions From AbbVie's Q4 Earnings Call,POS
ABBV,feb-10-26,10:29AM,AbbVies $100bn deal aligns drug pricing with domestic manufacturing goals,NEU
ABBV,feb-10-26,09:40AM,Here's Why AbbVie (ABBV) is a Strong Value Stock,POS
ABBV,feb-10-26,09:00AM,AbbVie Inc. (ABBV) is Attracting Investor Attention: Here is What You Should Know,POS
ABBV,feb-10-26,08:32AM,Here's What Will Drive AbbVie's Top-line Growth in 2026,POS
ABBV,feb-10-26,08:30AM,Novel Serotonergic Agonists Positioned to Capture Share of $150B+ Neuropsychiatric Market,POS
ABBV,feb-09-26,09:24AM,J&J Posts Innovative Medicine Growth in 2025 Amid Stelara Patent Loss,POS
ABBV,feb-09-26,09:11AM,"Should You Buy, Sell or Hold Pfizer Stock After a Lukewarm Q4?",NEU
ABBV,feb-08-26,11:41PM,3 Market-Beating Stocks to Research Further,NEU
ABBV,feb-06-26,01:52PM,"CVS Caremark Replaces Amgen And Eli Lilly's Branded Drugs, Expands Biosimilar Strategy For Weak Bone Disorder",NEG
ABBV,feb-06-26,09:26AM,Have originator medicines list prices started to drop in the US?,NEG
ABBV,feb-06-26,02:15AM,AllianceBernstein Q4 Earnings Call Highlights,NEU
ABBV,feb-05-26,01:29PM,Bristol Myers Earnings Reveal Struggling Legacy Drug Business. Why the Stock Is Rising.,NEG
ABBV,feb-05-26,12:32PM,AbbVie's Prognosis: The February Dip Looks Like a Buy Signal,POS
ABBV,feb-05-26,11:32AM,"Earnings roundup: AbbVie angst, a bifurcated vaccine market and Bristol Myers waiting game",NEU
ABBV,feb-05-26,10:25AM,Bristol Myers Stock Rises on Earnings. This Drug Portfolio Continues to Be a Drag.,NEG
ABBV,feb-05-26,09:00AM,"Morning Movers: Eli Lilly rises, Boston Scientific falls after quarterly results",NEU
ABBV,feb-05-26,08:55AM,Why Investors Need to Take Advantage of These 2 Medical Stocks Now,POS
ABBV,feb-05-26,08:48AM,Does Ironwood's Bullish 2026 View Signal Greater Linzess Adoption?,POS
ABBV,feb-05-26,07:58AM,Rapid Innovation is Reshaping Oncology: Stocks in Focus,POS
MRK,mar-27-26,09:46AM,"Wix downgraded, TripAdvisor upgraded: Wall Street's top analyst calls",POS
MRK,mar-26-26,08:10AM,Mercks deal for Terns sparks debate over a possible biotech bidding war,NEG
MRK,mar-26-26,12:01AM,Merck Preps for End of Keytruda Exclusivity with $6.7B Deal for Leukemia Treatment,NEU
MRK,mar-25-26,11:53AM,Why Merck Might Have A Fight On Its Hands With Its $6.7 Billion Takeover Of Terns,NEG
MRK,mar-25-26,11:49AM,MSD spends $6.7bn to buy Terns Pharmaceuticals in cancer pipeline reinforcement,NEG
MRK,mar-25-26,11:23AM,Nasdaq bounces as oil price softens as US pushes for Iran talks,NEU
MRK,mar-25-26,11:06AM,"Arm stock skyrockets on chip news, On Holding CEO to step down",NEU
MRK,mar-25-26,10:41AM,Merck to acquire Terns Pharmaceuticals for $6.7B,NEU
MRK,mar-25-26,09:39AM,Merck buying Terns in $6.7B deal to bolster its cancer portfolio before key Keytruda patent expires,NEG
MRK,mar-25-26,07:35AM,Merck makes a big move into new cancer treatments with a $6.7 billion buyout deal,NEG
MRK,mar-25-26,07:21AM,Merck to buy oncology firm Terns Pharmaceuticals in $6.7 billion deal,NEU
MRK,mar-25-26,06:54AM,MSD and Quotient collaborate on IBD drug targets,NEU
MRK,mar-25-26,06:49AM,Merck Reaches Nearly $6 Billion Deal for Cancer Biotech Terns,NEG
MRK,mar-25-26,06:45AM,"Merck to Acquire Terns Pharmaceuticals, Inc., Expanding Its Hematology Pipeline With TERN-701, a Novel Candidate for Chronic Myeloid Leukemia (CML)",POS
MRK,mar-24-26,07:01AM,Organon: A High Cash Yield Hidden Behind Patent Fatigue,NEG
MRK,mar-22-26,06:20PM,Peter Thiel is betting big on a $2B AI cow collar startup powered by cowgorithms  and investors are fighting to get in,NEG
MRK,mar-20-26,05:19PM,Big drugmakers saved at least $5bn on US taxes shifting income overseas,POS
MRK,mar-19-26,07:30AM,The $3.4 billion lesson Big Pharma needs to learn: its shelved drugs could save millions of patients,POS
MRK,mar-18-26,04:30PM,FDA Approves BRAVECTO QUANTUM (fluralaner for extended-release injectable suspension) from Merck Animal Health to Treat and Control Asian Longhorned Tick and Gulf Coast Tick for 12 Months in Dogs,POS
MRK,mar-17-26,06:50AM,Merck to Present New Data Reinforcing Long-Term Efficacy of GARDASIL9 and GARDASIL at the EUROGIN International Multidisciplinary HPV Congress 2026,NEU
MRK,mar-16-26,08:00AM,Merck Highlights New Data from Cardio-Pulmonary Pipeline at ACC.26 Showcasing Commitment to Advance Innovative Research,POS
MRK,mar-15-26,05:05PM,"Man's dog was riddled with tumors and dying. He used ChatGPT to design a custom cancer vaccine, stunning researchers",NEG
MRK,mar-13-26,04:00AM,Keytrudas reign continues; pharmas megadeal drought,NEU
MRK,mar-11-26,07:45AM,"These 4 ETFs Generate $6,000 a Year in Monthly Income for Retirement Investors",NEU
MRK,mar-09-26,05:45PM,Merck (MRK) Rises Higher Than Market: Key Facts,NEU
MRK,mar-09-26,01:42PM,Factbox-Global drugmakers rush to boost US presence as tariff threat looms,NEG
MRK,mar-09-26,09:35AM,Will Weak Gardasil Sales Continue to Weigh on MRK's Top Line in 2026?,NEG
MRK,mar-08-26,04:49PM,These 8 drugs could help fight dementia - and they're already on the market,POS
MRK,mar-08-26,09:00AM,This 5-Star ETF Pays Monthly Dividends and Has Never Missed in 19 Years,POS
MRK,mar-07-26,08:03PM,Codexis Targets 2026 Inflection as CEO Touts ECO Synthesis Push in RNA Manufacturing at TD Cowen Conf,NEG
MRK,mar-07-26,08:49AM,3 Undervalued Names Too Cheap to Ignore,NEG
MRK,mar-06-26,10:27AM,"Google Grabs Attention, But Funds Go Crazy For This 'Pick-And-Shovel' AI Stock",NEG
MRK,mar-06-26,02:33AM,Germanys Merck KGaA Expects Currency Headwinds to Weigh on Earnings,NEU
MRK,mar-05-26,09:07PM,"Oil Prices Fall After Latest Spike, Dow Jones Futures Rise; Broadcom, Nvidia In Focus",NEU
MRK,mar-05-26,08:30PM,AI-Powered Tempus Inks New Multi-Year Merck Deal,NEU
MRK,mar-05-26,06:47PM,Atea Pharmaceuticals Q4 Earnings Call Highlights,NEU
MRK,mar-05-26,11:30AM,Merck (MRK) Up 1.7% Since Last Earnings Report: Can It Continue?,NEU
MRK,mar-05-26,10:25AM,Dow slides more than 550 points to set session low,NEG
MRK,mar-05-26,09:55AM,Dow Jones opens lower but Nasdaq flat as Broadcom gains,POS
MRK,mar-05-26,08:45AM,Can Pfizer Reignite Growth Amid COVID Declines and Patent Expirations?,POS
MRK,mar-05-26,07:48AM,5 of Bank of Americas US1 List Top Picks Also Pay Big Passive Income,POS
MRK,mar-05-26,06:28AM,Merck KGaA Q4 Earnings Call Highlights,NEU
MRK,mar-05-26,01:00AM,Prescription Drug Prices Can Break the Bank. How to Get the Best Deals.,POS
MRK,mar-04-26,08:40AM,Moderna and Ross Stores Lead Stock Gainers on Wednesday,NEU
MRK,mar-03-26,02:33PM,AI-Powered Tempus Inks New Multi-Year Merck Deal,NEU
MRK,mar-03-26,12:49PM,Most Retirees Overlook These Dow Dividend Stocks  They Pay More Than Youd Expect,NEG
MRK,mar-03-26,10:05AM,Merck's Keytruda Drives its 2025 Revenue Surge: What's Ahead?,NEU
MRK,mar-03-26,09:00AM,Immunotherapy Delivers Across Tumor Types as Oncology Market Eyes $750 Billion,NEG
MRK,mar-02-26,05:45PM,Merck (MRK) Stock Dips While Market Gains: Key Facts,POS
MRK,mar-02-26,12:42PM,"BMY Gains 11.4% in a Month: Should You Buy, Sell or Hold the Stock?",POS
MRK,mar-02-26,09:30AM,Is It Worth Investing in Merck (MRK) Based on Wall Street's Bullish Views?,POS
MRK,mar-01-26,06:30AM,"Palisade Bio Details PALI-2108 UC, Crohns Plans and Cash Runway Into 2029 at Oppenheimer Conference",NEU
MRK,feb-28-26,10:05AM,KEYTRUDA (pembrolizumab) Plus WELIREG (belzutifan) Given as Adjuvant Therapy Reduced the Risk of Disease Recurrence or Death by 28% Compared to KEYTRUDA Monotherapy in Certain Patients With Earlier-Stage Renal Cell Carcinoma (RCC),NEG
MRK,feb-28-26,10:00AM,WELIREG (belzutifan) Plus LENVIMA (lenvatinib) Reduced the Risk of Disease Progression or Death by 30% Compared to Cabozantinib in Certain Previously Treated Patients With Advanced Renal Cell Carcinoma (RCC),NEG
MRK,feb-27-26,04:30PM,These Stocks Lead Dow Jones In February. Hint: It's Not AI Companies.,NEU
MRK,feb-27-26,04:07PM,"Merck Stock, Up 18% In 2026, Ticks Another Box. Is It Now A Buy?",NEU
MRK,feb-27-26,03:51PM,"Sunrun stock nosedives on outlook, Merck job cuts, Jefferies sinks",NEG
MRK,feb-27-26,10:15AM,KEYTRUDA (pembrolizumab) Plus Paclitaxel With or Without Bevacizumab Significantly Improved Key Secondary Endpoint of Overall Survival (OS) Versus Paclitaxel With or Without Bevacizumab in Patients With Platinum-Resistant Recurrent Ovarian Cancer,NEG
MRK,feb-27-26,10:00AM,KEYTRUDA (pembrolizumab) Plus Padcev (enfortumab vedotin-ejfv) Reduced Risk of Event-Free Survival Events by 47% and Risk of Death by 35% for Cisplatin-Eligible Patients with Muscle-Invasive Bladder Cancer When Given Before and After Surgery,NEG
MRK,feb-27-26,08:58AM,Gilead Sciences Stock: Is GILD Outperforming the Healthcare Sector?,NEU
MRK,feb-27-26,01:12AM,OPKO Health Q4 Earnings Call Highlights,NEU
MRK,feb-26-26,01:25PM,Merck Stock Jumps But Reddit Traders Are Getting Cold Feet,NEU
MRK,feb-26-26,07:39AM,"For the first time in decades, new hair-loss treatments are in the works. Heres how theyre different.",NEU
MRK,feb-25-26,09:48PM,RBC Capital Sees Merck (MRK) Returning to Growth Sooner Than Market Expects,POS
MRK,feb-25-26,05:25PM,"Adagene Spotlights ADG126+KEYTRUDA Data, Late-Line MSS-CRC Focus in Oppenheimer Conference Talk",NEU
MRK,feb-25-26,04:30PM,FDA Approves NUMELVI (atinvicitinib tablets) for Dogs from Merck Animal Health - The First and Only Second-Generation Janus Kinase (JAK) Inhibitor for the Control of Pruritus Associated with Allergic Dermatitis,POS
MRK,feb-25-26,03:36PM,"For the first time in decades, new hair-loss treatments are in the works. Here's how they're different.",NEU
MRK,feb-25-26,12:38PM,Merck's New HIV Drug Shows Promise. Its Chief Medical Officer Explains Why Wall Street Should Care.,POS
MRK,feb-25-26,09:57AM,"Large cap pharma defensive AI winner, says RBC as it backs Lilly & AbbVie",POS
MRK,feb-25-26,09:00AM,"Here is What to Know Beyond Why Merck & Co., Inc. (MRK) is a Trending Stock",NEU
MRK,feb-25-26,08:49AM,Can J&J Sustain Its Double-Digit Oncology Growth Streak?,POS
MRK,feb-25-26,04:43AM,GSK to acquire 35Pharma in $950M deal for cardiovascular drug,NEU
MRK,feb-25-26,04:26AM,GSK secures potential multi-blockbuster drug in $950mn deal,POS
MRK,feb-24-26,11:31AM,"SMMT Incurs Wider-Than-Expected Q4 Loss, Pipeline Progress in Focus",POS
MRK,feb-24-26,11:04AM,How Is Merck & Co.'s Stock Performance Compared to Other Healthcare Stocks?,NEU
MRK,feb-24-26,10:58AM,Oncology Market Set to Nearly Triple: Here Are Five Companies Leading the Charge,NEU
MRK,feb-24-26,06:45AM,Merck to Participate in the TD Cowen 46th Annual Health Care Conference,POS
MRK,feb-24-26,02:11AM,Merck (MRK) Announces Positive Phase 3 SMART Trial Results for ENFLONSIA (Clesrovimab),POS
MRK,feb-23-26,05:33PM,"Stocks to Watch Monday Recap: Diamondback, Netflix, Novo Nordisk, Lilly",NEU
MRK,feb-23-26,01:50PM,"Stocks to Watch Monday: Merck, Netflix, Novo Nordisk, Eli Lilly",NEU
MRK,feb-23-26,01:12PM,Barclays Highlights Merck's (MRK) Pipeline Catalysts in Coverage Initiation,NEU
MRK,feb-23-26,12:44PM,Novo Next-Generation Obesity Shot Falls Short of Lilly Rival,NEU
MRK,feb-23-26,09:53AM,Stock Market Today: Dow Up After New Trump Tariffs; Novo Plunges On Drug Trial Results (Live Coverage),NEU
MRK,feb-23-26,09:37AM,"Stocks to Watch Monday: Novo Nordisk, Merck, Domino's, Gilead",NEU
MRK,feb-23-26,09:16AM,Merck's Strategic Shift Signals New Growth Horizons,POS
MRK,feb-23-26,08:46AM,Stock Market Today: Dow Falls On New Trump Tariffs; Novo Plunges On Drug Trial Results (Live Coverage),NEU
MRK,feb-23-26,08:23AM,Merck reportedly ready to the splits as Keytruda patent cliff looms. Market shrugs,POS
MRK,feb-23-26,07:45AM,"Merck Revamps Pharmaceutical Unit, Creating Separate Cancer Business",NEG
MRK,feb-23-26,07:38AM,Merck Creates Separate Cancer Business. The Stock Is Rising Ahead of Patent Cliff.,NEG
MRK,feb-23-26,06:45AM,Merck Evolves Human Health Operating Structure to Support Portfolio Execution,POS
MRK,feb-23-26,06:40AM,"Merck to create separate cancer business to offset Keytruda patent loss, WSJ reports",NEG
MRK,feb-23-26,06:00AM,Merck Creates Separate Cancer Business as Sales Pressure Looms,NEG
MRK,feb-20-26,06:31PM,"Deutsche Bank Upgrades Merck (MRK) to Buy, Sees ""Clear Path"" Beyond Keytruda Patent Cliff",POS
MRK,feb-20-26,02:14PM,Pharma Stock's Rally Stalling Out at Technical Resistance,NEG
MRK,feb-20-26,02:14PM,Pharma Stock's Ascension Stalled Out,NEG
MRK,feb-20-26,12:05PM,Merck vs. Bristol Myers: Which Pharma Stock Is a Better Pick in 2026?,POS
MRK,feb-20-26,08:08AM,Barclays launches U.S. biopharma coverage with four preferred picks,NEU
MRK,feb-20-26,07:59AM,"Here Are Fridays Top Wall Street Analyst Research Calls: Amgen, ETSY, Eldorado Gold, GE Aerospace, Merck, Southern Company, Walmart, Yeti, and More",POS
MRK,feb-20-26,03:00AM,"No one-trick pony in oncology, Mercks cancer footprint is expanding",NEG
MRK,feb-19-26,10:15AM,Pfizer Targets Long-Term Oncology Growth Amid Competitive Pressure,POS
ABT,mar-27-26,06:16AM,Philips wins FDA clearance for imaging device developed with Edwards,POS
ABT,mar-26-26,06:55PM,Better Together: Why Abbott Kept an In-Person Workforce During Pandemic,POS
ABT,mar-26-26,06:06PM,Building a Workforce for Breakthrough Innovation,POS
ABT,mar-26-26,03:00PM,How Goode Foods went from family biz to viral brand,NEU
ABT,mar-26-26,09:00AM,Abbott hosts conference call for first-quarter earnings,NEU
ABT,mar-24-26,08:00AM,"John Stamos and Jodie Sweetin reunite for ""The (Second) Talk"" with Cologuard tests, encouraging colon cancer screening",NEG
ABT,mar-24-26,06:05AM,Abbott closes $23 billion deal to buy Madison-based Exact Sciences,NEU
ABT,mar-23-26,09:37AM,Synlait outlines recovery roadmap after H1 loss,NEG
ABT,mar-23-26,08:50AM,Abbott completes acquisition of Exact Sciences,NEU
ABT,mar-20-26,09:00AM,"Abbott acquisition of Exact Sciences set to close on March 23, 2026",NEU
ABT,mar-20-26,06:57AM,Abbott to close $21B Exact Sciences acquisition Monday,NEU
ABT,mar-16-26,07:30PM,This Dividend King With a 54-Year Dividend Streak Is Down 13% YTD. Time to Buy the Dip?,NEU
ABT,mar-12-26,03:00AM,Landmark study shows Libre technology helps people with Type 2 diabetes on basal insulin improve glucose management,POS
ABT,mar-11-26,03:26PM,3 Analyst-Approved Stocks With Fat Yields That Could Rally 27% or More,NEU
ABT,mar-11-26,11:00AM,Abbott and Real Madrid launch nationwide effort to build the next 'Abbott Dream Team',POS
ABT,mar-11-26,06:00AM,More workers are taking a phased approach to retirement  and employers are starting to help,POS
ABT,mar-11-26,05:27AM,Abbott price target lowered to $136 from $140 at Citi,NEG
ABT,mar-10-26,10:58AM,Arrow Exploration CEO on Colombia drilling success - One2One Investor Forum,POS
ABT,mar-10-26,09:45AM,Abbott (ABT) is a Top-Ranked Growth Stock: Should You Buy?,POS
ABT,mar-09-26,05:50PM,Abbott (ABT) Rises Higher Than Market: Key Facts,NEU
ABT,mar-06-26,11:30AM,Why Is Boston Scientific (BSX) Down 6% Since Last Earnings Report?,NEU
ABT,mar-06-26,09:52AM,Hologic's Diagnostics Strength in Focus: Is More Upside Ahead?,POS
ABT,mar-05-26,03:00AM,Cancer tests are becoming more precise and guiding pharma R&D,NEG
ABT,mar-04-26,09:00AM,Abbott Laboratories (ABT) is Attracting Investor Attention: Here is What You Should Know,POS
ABT,mar-03-26,09:10AM,Medtronic Debuts MiniMed Go Smart MDI With Simplera Sensor in Europe,POS
ABT,mar-02-26,05:50PM,Abbott (ABT) Stock Sinks As Market Gains: Here's Why,POS
ABT,mar-02-26,01:32AM,Abbott wins FDA approval for updated heart failure monitoring device,POS
ABT,mar-01-26,11:05PM,2 Reasons to Like ABT and 1 to Stay Skeptical,POS
ABT,feb-26-26,05:00PM,Grail's Stock Dropped 50% on Friday. Investors Still Have High Hopes for the Biotech.,POS
ABT,feb-26-26,11:21AM,Intuitive Surgical or Abbott: Which MedTech Stock Is a Better Bet Now?,POS
ABT,feb-26-26,08:14AM,Is Medtronic Stock Underperforming the S&P 500?,NEU
ABT,feb-26-26,03:36AM,Is Boston Scientific Stock Underperforming the Dow?,NEU
ABT,feb-25-26,09:11AM,Is Abbott Laboratories Stock Underperforming the Nasdaq?,NEU
ABT,feb-24-26,11:33AM,AdvaMed names Jake Leach as chair of diabetes sector,NEU
ABT,feb-23-26,05:50PM,Abbott (ABT) Ascends While Market Falls: Some Facts to Note,NEU
ABT,feb-23-26,03:41PM,Abbott Laboratories (ABT) Likely to Benefit From Nutrition Segment Recovery,POS
ABT,feb-23-26,12:07PM,Exact Sciences Stockholders Approve Abbott Merger as Executive Pay Proposal Fails at Special Meeting,NEG
ABT,feb-23-26,09:30AM,Abbott (ABT) Reports Q4 Earnings: What Key Metrics Have to Say,NEU
ABT,feb-20-26,04:05PM,Exact Sciences Stockholders Approve Acquisition by Abbott,NEU
ABT,feb-20-26,03:13PM,Abbott Laboratories (ABT) Announces Positive Results for Amulet 360 Left Atrial Appendage (LAA) Occlude,POS
ABT,feb-20-26,11:38AM,Abbott declares 409th consecutive quarterly dividend,NEU
ABT,feb-20-26,09:27AM,BSX vs. ABT: Which MedTech Stock is the Better Investment Now?,POS
ABT,feb-20-26,07:15AM,SENS Eversense 365 Integrated With twiist Gains Full Availability,POS
ABT,feb-20-26,05:00AM,Senseonics launches automated insulin dosing system with 1-year CGM,NEU
ABT,feb-19-26,11:01AM,ISRG's International Growth Outpaces US With 35% Procedure Volume,POS
ABT,feb-18-26,09:00AM,Abbott Laboratories (ABT) Is a Trending Stock: Facts to Know Before Betting on It,NEU
ABT,feb-16-26,09:00PM,RFK Jr.s Next Overhaul: Americas Baby Formula Guidelines,NEU
ABT,feb-13-26,06:01PM,Abbott Laboratories: A Key Reduction in Robert Bruce's Portfolio,NEU
ABT,feb-12-26,01:04PM,Abbott Labs Just Extended Its Dividend Aristocrat Status: What Comes Next?,NEU
ABT,feb-10-26,05:53AM,4 takeaways from the 2026 AF Symposium,NEU
ABT,feb-08-26,04:27AM,"Abbott Laboratories (ABT): Short-Term Headwinds, Strategic Pipeline Strength, and UBS Buy Rating",POS
ABT,feb-06-26,09:00AM,Abbott Laboratories (ABT) is Attracting Investor Attention: Here is What You Should Know,POS
ABT,feb-06-26,08:00AM,Late-breaking data presentations showcase the safety and efficacy of Abbott's ablation catheters to treat people with atrial fibrillation,POS
ABT,feb-05-26,12:32PM,AbbVie's Prognosis: The February Dip Looks Like a Buy Signal,POS
ABT,feb-05-26,01:54AM,Analyst Report: AbbVie Inc.,NEU
ABT,feb-04-26,09:37AM,Do Wall Street Analysts Like Abbott Laboratories Stock?,POS
ABT,feb-04-26,08:43AM,5 Goldman Sachs Top Stock Picks Have Huge Upside Potential and Pay Dividends,POS
ABT,feb-03-26,05:55PM,2 Healthcare Dividend Stocks That are Just What the Doctor Ordered,NEU
ABT,feb-03-26,11:18AM,Silver Economy Boom: Investing in Healthcare's Aging Tailwinds,NEU
ABT,feb-03-26,09:20AM,Abbott (ABT) Faces Profit Headwinds as Pediatric Nutrition Remains Under Pressure,POS
ABT,feb-03-26,09:10AM,Abbott receives FDA warning letter over Freestyle Libre CGMs,NEG
ABT,feb-02-26,10:03PM,Abbott Labs CEO makes $2M bet as stock sinks,NEU
ABT,feb-02-26,08:42PM,Abbott Laboratories (ABT): A Bull Case Theory,NEU
ABT,feb-02-26,12:05PM,The Best Dividend King to Buy With $150,POS
ABT,feb-02-26,11:40AM,NVST or ABT: Which Is the Better Value Stock Right Now?,POS
ABT,feb-01-26,02:38AM,Freedom Capital Upgrades Abbott Laboratories (ABT) to Buy,POS
ABT,jan-31-26,07:35PM,Looking for Passive Income in 2026? 3 Dividend Kings to Buy Hand Over Fist,POS
ABT,jan-30-26,02:31PM,Decent Organic Sales Growth Expected for Abbott Laboratories (ABT) in 2026,POS
ABT,jan-30-26,01:03PM,This beaten-down sector could offer you a ripe investment opportunity,POS
ABT,jan-30-26,05:00AM,Senseonics wins CE mark for one-year CGM,POS
ABT,jan-30-26,04:29AM,"Applied Materials leads Zacks' latest Analyst Blog, with strong semiconductor momentum offset by rising trade and cost pressures.",POS
ABT,jan-29-26,05:19PM,"Top Analyst Reports for Applied Materials, Linde & Abbott",POS
ABT,jan-29-26,07:30AM,These Are the 3 Top Oversold S&P 500 Stocks. Should You Buy the Dip?,POS
ABT,jan-29-26,12:33AM,5 Insightful Analyst Questions From Abbott Laboratories's Q4 Earnings Call,NEU
ABT,jan-28-26,09:51AM,"Abbot (ABT) is a High Quality Company, Says Jim Cramer",NEU
ABT,jan-28-26,09:48AM,Abbott Stock Fell the Most in 23 Years After Earnings. The CEO Bought $2 Million of Shares.,POS
ABT,jan-28-26,06:46AM,Medtech M&A took off in the second half of 2025: report,NEU
ABT,jan-27-26,08:45AM,"GameStop CEO Picks Up 1M Shares, and Other Insiders Return to the Buy Window",POS
ABT,jan-26-26,04:43PM,Evercore ISI Says Abbott's (ABT) Core Growth Drivers Are Still Intact,POS
ABT,jan-26-26,09:00AM,Abbott Laboratories (ABT) Is a Trending Stock: Facts to Know Before Betting on It,NEU
ABT,jan-26-26,06:40AM,3 Reasons to Buy This Dividend King After Its Steep Sell-Off,NEU
ABT,jan-26-26,05:06AM,"Intuitives cardiac initiative includes valve repair, LAA closure",NEU
ABT,jan-25-26,08:02AM,"DraftKings, Abbott, And Applovin Are Among Top 10 Large Cap Losers Last Week (Jan. 19-Jan. 23): Are the Others in Your Portfolio?",NEG
ABT,jan-24-26,10:16AM,Is Abbott's January Pullback a Good Time to Buy?,POS
ABT,jan-24-26,04:30AM,Investing.coms stocks of the week,NEU
ABT,jan-23-26,12:59PM,Abbott's India Unit Under Scrutiny Due To Phensedyl Cough Syrup Supply Chain,NEU
ABT,jan-23-26,10:45AM,Analyst Report: Abbott Laboratories,NEU
ABT,jan-23-26,09:40AM,Abbott expects to return to positive growth in nutrition in 2H26,POS
ABT,jan-23-26,09:40AM,Abbott (ABT) is a Top-Ranked Value Stock: Should You Buy?,POS
ABT,jan-23-26,08:14AM,"Earnings live: Intel stock drops, Capital One stock falls on Brex acquisition",NEU
ABT,jan-23-26,03:26AM,Heard on the Street Thursday Recap: Spice Trade,NEU
ABT,jan-23-26,01:30AM,"AbbVie Dodged a Patent Disaster, and Shares Gained 460%. Merck and Bristol Myers Are Next.",NEG
ABT,jan-23-26,12:33AM,ABT Q4 Deep Dive: Nutrition Weakness and Innovation Shape 2026 Outlook,NEG
ABT,jan-22-26,09:16PM,Abbott Stock Suffers Worst Drop in More Than 20 Years,NEG
ABT,jan-22-26,07:00PM,Podcast: Stocks Rise as Tariff Tensions Cool,NEG
ABT,jan-22-26,05:53PM,Heard on the Street Recap: Spice Trade,NEU
ABT,jan-22-26,05:02PM,"These Stocks Are Todays Movers: Intel, GE Aerospace, Moderna, Abbott, Arista Networks, Mobileye, McCormick, and More",NEU
ABT,jan-22-26,04:42PM,"Earnings live: Intel stock drops, GE Aerospace tumbles, Capital One announces Brex acquisition",NEU
ABT,jan-22-26,04:36PM,Stocks Settle Higher as Global Tensions Cool and the Economy Expands,NEU
ABT,jan-22-26,04:02PM,Abbott Falls Most in Nearly 24 Years on Formula Pricing Stumble,NEU
ISRG,mar-24-26,11:03AM,Sonder Capital Closes its Second Fund and Announces Participation from Major Healthcare Systems,NEU
ISRG,mar-23-26,01:01AM,"ISRG- Not Cheap, But Delivering on Growth Expectations",POS
ISRG,mar-13-26,02:38PM,Intuitive Surgical Stock Falls After Cybersecurity Breach Hits Internal Systems,NEU
ISRG,mar-13-26,11:47AM,Intuitive Surgical hit by phishing incident,NEU
ISRG,mar-11-26,09:40AM,"Oracle, Nike upgraded: Wall Street's top analyst calls",POS
ISRG,mar-11-26,07:45AM,"Here Are Wednesday's Top Wall Street Analyst Research Calls: CrowdStrike, Harley-Davidson, Intuitive Surgical, Medline, Nike, Oracle, Planet Fitness, Vici Properties, and More",POS
ISRG,mar-11-26,05:20AM,Citi upgrades Intuitive Surgical to Buy on recent selloff,NEU
ISRG,mar-11-26,05:10AM,Intuitive Surgical upgraded to Buy from Neutral at Citi,NEU
ISRG,mar-10-26,01:39PM,Stryker Introduces SmartHospital Platform to Advance Connected Care,POS
ISRG,mar-10-26,01:11PM,"GEHC Wins FDA 510(k) Approval for View, Enhances Radiology Workflows",POS
ISRG,mar-10-26,10:55AM,Here's Why You Should Retain CONMED Stock in Your Portfolio Now,NEU
ISRG,mar-10-26,09:34AM,5 Medical Instruments Stocks to Buy Amid Huge Short-Term Price Upside,POS
ISRG,mar-10-26,09:05AM,National Vision Gains 129.5% in a Year: What's Driving the Rally?,POS
ISRG,mar-10-26,08:24AM,Should You Continue to Hold DGX Stock in Your Portfolio?,NEU
ISRG,mar-10-26,05:36AM,"Intuitive Surgical, Inc. (ISRG) Announces the Completion of its Acquisition of the da Vinci and Ion Distribution Business",NEU
ISRG,mar-10-26,02:48AM,SS Innovations raises $18.6M as surgical robot nears US market,NEU
ISRG,mar-09-26,01:03PM,IDEXX Laboratories Stock Climbs 39.4% in a Year: What's Driving It?,NEU
ISRG,mar-09-26,11:53AM,Novocure's Optune Lua Gets Japan Reimbursement for NSCLC Treatment,NEU
ISRG,mar-09-26,09:30AM,Intuitive Surgical (ISRG) Is Considered a Good Investment by Brokers: Is That True?,POS
ISRG,mar-09-26,12:43AM,2 Healthcare Stocks with Exciting Potential and 1 We Avoid,POS
ISRG,mar-06-26,05:50PM,"Intuitive Surgical, Inc. (ISRG) Stock Moves -1.32%: What You Should Know",NEU
ISRG,mar-06-26,11:49AM,Here's Why You Should Add DaVita Stock to Your Portfolio for Now,NEU
ISRG,mar-06-26,11:44AM,BDX Secures CE Mark for Revello Stent to Treat Iliac Artery Disease,POS
ISRG,mar-05-26,01:00PM,Veeva Systems' Stock Up After Q4 Earnings & Revenues Beat Estimates,NEU
ISRG,mar-05-26,12:46PM,BD Gains FDA Clearance for Surgiphor 1000mL Surgical Irrigation System,POS
ISRG,mar-05-26,09:33AM,Here's Why You Should Retain INSP Stock in Your Portfolio for Now,NEU
ISRG,mar-05-26,09:31AM,"RGTI Stock Down Despite Q4 Earnings Top Estimates, Revenues Decline Y/Y",NEG
ISRG,mar-05-26,07:43AM,"EYE Stock Up Following Q4 Earnings & Revenue Beat, Margins Rise",NEU
ISRG,mar-04-26,12:30PM,Here's Why You Should Retain Clover Stock in Your Portfolio for Now,NEU
ISRG,mar-04-26,10:50AM,Stryker Unveils Next-Gen Orthopedic Innovations at AAOS 2026,NEU
ISRG,mar-04-26,09:00AM,This Top Medical Stock is a #1 (Strong Buy): Why It Should Be on Your Radar,POS
ISRG,mar-04-26,07:52AM,Intuitive Surgical Expands Direct Operational Presence in Europe,POS
ISRG,mar-03-26,08:15AM,Can Digital Subscriptions Become ISRG's New Revenue Stream in 2026?,NEU
ISRG,mar-03-26,06:42AM,BOTZ Is A Robotics ETF That Quietly Bets Big on AI Chips,NEU
ISRG,mar-02-26,12:59PM,OGN's VTAMA Cream Shows Sleep Benefits in Pediatric Atopic Dermatitis,POS
ISRG,mar-02-26,12:13PM,5 Stocks Racing Ahead as AI Supercharges Robotics,NEU
ISRG,mar-02-26,09:00AM,"Here is What to Know Beyond Why Intuitive Surgical, Inc. (ISRG) is a Trending Stock",NEU
ISRG,mar-02-26,07:41AM,"PEN Stock Up Following Q4 Earnings & Revenue Beat, Margins Rise",NEU
ISRG,mar-02-26,07:41AM,"Integra Q4 Earnings & Revenues Beat Estimates, Margins Down, Stock Up",NEU
ISRG,mar-02-26,07:00AM,Intuitive Expands Investment and Footprint in Europe,POS
ISRG,mar-02-26,06:27AM,Intuitive expands in Europe with purchase of distributor operations,POS
ISRG,mar-01-26,10:37PM,A Look Back at Surgical Equipment & Consumables - Specialty Stocks' Q4 Earnings: Intuitive Surgical (NASDAQ:ISRG) Vs The Rest Of The Pack,NEU
ISRG,mar-01-26,10:59AM,"Is Becton, Dickinson and Company Stock Outperforming the Dow?",NEU
ISRG,feb-27-26,12:43PM,"Clover Health Q4 Earnings Meet Estimates, Sales Beat, Membership Rises",NEU
ISRG,feb-27-26,12:38PM,"CHE Stock Falls Post Q4 Earnings & Revenue Miss, Margins Crash",NEG
ISRG,feb-27-26,12:37PM,GEHC & UCSF Form 10-Year Alliance to Advance Imaging & Care Delivery,POS
ISRG,feb-27-26,09:40AM,XRAY Stock Gains Despite Q4 Earnings Miss on Restructuring Initiative,POS
ISRG,feb-27-26,07:42AM,"TFX Q4 Earnings & Revenues Miss, Margins Down, Stock Up in After-Market",NEG
ISRG,feb-26-26,11:46AM,GEHC Unveils AI LOGIQ Ultrasound Systems to Boost Imaging & Workflow,POS
ISRG,feb-26-26,11:22AM,"Veracyte Q4 Earnings Beat Estimates, Revenues Grow Y/Y, Stock Rises",NEU
ISRG,feb-26-26,11:21AM,"A Decade From Now, You'll Regret Not Buying This 1 Small-Cap Stock",NEG
ISRG,feb-26-26,11:21AM,Intuitive Surgical or Abbott: Which MedTech Stock Is a Better Bet Now?,POS
ISRG,feb-25-26,01:55PM,"Merit Medical Q4 Earnings & Revenues Beat Estimate, Margins Expand",POS
ISRG,feb-25-26,01:55PM,"FMS Stock Rises as Q4 Earnings & Sales Beat Estimates, Margins Expand",POS
ISRG,feb-25-26,11:57AM,Stryker Launches Synchfix EVT for Flexible Syndesmotic Fixation,POS
ISRG,feb-25-26,11:50AM,TMDX Stock Rises as Q4 Earnings & Revenues Beat Estimates,NEU
ISRG,feb-25-26,09:09AM,Is Intuitive Surgical Stock Underperforming the Dow?,NEU
ISRG,feb-25-26,08:17AM,Top Robotics Stocks Worth Investing Now for Solid Returns,POS
ISRG,feb-25-26,07:50AM,"Alcon's Q4 Earnings Miss Estimates, Stock Falls, Revenues Rise Y/Y",NEG
ISRG,feb-25-26,07:26AM,"TEM Q4 Earnings Miss, Revenues Beat, Stock Down in After-Market",NEG
ISRG,feb-24-26,12:40PM,BD Launches Urine Complete Cup Kit for Smarter Testing & Accuracy,POS
ISRG,feb-24-26,10:11AM,"The Zacks Analyst Blog Highlights Oracle, Intuitive Surgical, Analog Devices and Moving iMage Technologies",NEU
ISRG,feb-24-26,08:46AM,"Zacks Industry Outlook Highlights Intuitive Surgical, Edwards Lifesciences and Electromed",NEU
ISRG,feb-24-26,08:46AM,"HSIC Q4 Earnings & Revenues Beat Estimates, Margins Down",NEU
ISRG,feb-24-26,07:45AM,"MYGN Stock Up on Q4 Earnings and Revenue Beat, Gross Margin Down",NEG
ISRG,feb-23-26,04:11PM,"Top Research Reports for Oracle, Intuitive Surgical & Analog Devices",POS
ISRG,feb-23-26,03:37PM,"Da Vinci 5 Sparks Optimism Around Intuitive Surgical, Inc. (ISRG)",POS
ISRG,feb-23-26,12:42PM,ANGO Expands NanoKnife in Europe for Multi-Organ Tumor Ablation,NEG
ISRG,feb-23-26,08:53AM,3 Medical Instrument Stocks Banking on GenAI to Tackle Industry Woes,NEG
ISRG,feb-20-26,12:22PM,GE HealthCare Wins FDA Clearances for Next-Gen SIGNA MRI Portfolio,POS
ISRG,feb-20-26,11:48AM,"AMN Q4 Earnings Meet Estimates, Revenues Beat, Gross Margin Contracts",NEG
ISRG,feb-20-26,11:44AM,ITGR Shares Down Despite Q4 Earnings & Revenues Beat Estimates,POS
ISRG,feb-20-26,09:11AM,"TNDM Q4 Earnings & Revenues Beat Estimates, Gross Margin & Stock Up",NEG
ISRG,feb-19-26,12:08PM,STAA Gains FDA Nod to Expand EVO ICL Age Indication to 60 Years,POS
ISRG,feb-19-26,11:01AM,ISRG's International Growth Outpaces US With 35% Procedure Volume,POS
ISRG,feb-19-26,09:30AM,Is It Worth Investing in Intuitive Surgical (ISRG) Based on Wall Street's Bullish Views?,POS
ISRG,feb-19-26,08:33AM,"Bio-Rad's Q4 Earnings Miss Estimates, Revenues Surpass, Stock Down",NEG
ISRG,feb-19-26,08:16AM,"Exact Sciences Q4 Earnings Match Estimates, Revenues Beat, Stock Up",NEU
ISRG,feb-19-26,08:09AM,"PODD Stock Up on Q4 Earnings & Revenue Beat, Margins Rise",NEU
ISRG,feb-19-26,07:56AM,COR's MWI Animal Health to Merge With Covetrus in $3.5 Billion Deal,NEU
ISRG,feb-18-26,01:09PM,GEHC Expands BARDA Collaboration With $35M Boost for AI Ultrasound,POS
ISRG,feb-18-26,10:53AM,"Glaukos Misses Q4 Earnings Estimates, Raises 2026 Revenue Outlook",NEG
ISRG,feb-18-26,09:51AM,SSKN Stock Falls Despite Meta-Analysis Backs Excimer Laser's Efficacy,POS
ISRG,feb-18-26,09:48AM,Reasons to Hold HealthEquity Stock in Your Portfolio for Now,NEU
ISRG,feb-18-26,08:55AM,"CRL Stock Down Despite Q4 Earnings & Revenue Beat, Margins Rise",NEU
ISRG,feb-17-26,01:11PM,Medtronic Posts Better-Than-Expected Earnings. Heres Why the Stock Is Falling.,NEG
ISRG,feb-17-26,11:20AM,Tempus AI & Median Partner to Add AI Lung Cancer Screening to Pixel,NEG
ISRG,feb-17-26,11:12AM,QDEL Expands Immunoassay Portfolio Via Lifotronic Supply Agreement,POS
ISRG,feb-17-26,10:07AM,"Labcorp Q4 Earnings Beat, Revenues Miss, Stock Down in Pre-Market",NEG
ISRG,feb-17-26,09:42AM,"MDT Stock Up on Q3 Earnings and Revenue Beat, Margins Down",NEU
ISRG,feb-17-26,09:00AM,"Intuitive Surgical, Inc. (ISRG) is Attracting Investor Attention: Here is What You Should Know",POS
ISRG,feb-17-26,03:33AM,What Are Wall Street Analysts' Target Price for Intuitive Surgical Stock?,NEU
ISRG,feb-16-26,11:32AM,CareDx Reports Positive Data for AlloHeme in AML and MDS Post HCT,POS
ISRG,feb-16-26,10:52AM,TMDX Wins Full FDA IDE Approval for Next-Gen OCS ENHANCE Heart Trial,POS
ISRG,feb-16-26,10:05AM,"Bruker's Q4 Earnings Lag Estimates, Margins Contract, Stock Down",NEG
ISRG,feb-13-26,12:35PM,"DexCom Stock Falls Despite Q4 Earnings Beat, G7 Rollout Drives Growth",POS
ISRG,feb-13-26,09:38AM,Will ISRG's R&D Focus Following Solid Earnings Growth Drive Demand?,POS
ISRG,feb-12-26,01:07PM,"WST's Q4 Earnings & Sales Beat, SmartDose Sale by Mid-2026, Stock Up",NEU
ISRG,feb-12-26,12:57PM,Stryker Launches T2 Alpha Humerus Nailing System for Fracture Care,POS
ISRG,feb-12-26,11:03AM,"BAX Stock Falls Following Q4 Earnings Miss, Margins Contract",NEG
SYK,mar-27-26,07:02AM,Stryker restores most manufacturing after cyberattack,POS
SYK,mar-26-26,12:54PM,Stryker says manufacturing mostly restored after cyberattack,POS
SYK,mar-25-26,08:31AM,Medtronic inks distribution deal for Merit Medicals basivertebral ablation system,POS
SYK,mar-23-26,03:00PM,Stryker announces Annual Meeting of Shareholders,NEU
SYK,mar-23-26,06:43AM,Stryker confirms cyberattack is contained and restoration underway,NEU
SYK,mar-19-26,03:51PM,Microsoft Security Concerns Rise After Cyberattack,POS
SYK,mar-18-26,01:39PM,Healthcare Stocks Are Trading at a Deep Discount. Eli Lilly and Others Are Worth a Look.,POS
SYK,mar-18-26,11:57AM,"Eli Lilly, Stryker and Other Healthcare Stocks Are Ready to Bounce. Why They Look Like Buys.",POS
SYK,mar-17-26,11:01AM,"Stryker begins restoring ordering, shipping systems after cyberattack",POS
SYK,mar-17-26,09:00AM,GE HealthCare appoints medtech leader Kevin Lobo to Board of Directors,NEU
SYK,mar-16-26,03:40AM,Is STERIS Stock Underperforming the Nasdaq?,NEU
SYK,mar-13-26,02:38PM,Intuitive Surgical Stock Falls After Cybersecurity Breach Hits Internal Systems,NEU
SYK,mar-13-26,10:49AM,Stryker Shares Fall 2.5% as Cyberattack Disrupts Ordering and Shipping Systems,POS
SYK,mar-13-26,08:43AM,Stryker still recovering from Iran-linked cyberattack,NEU
SYK,mar-13-26,07:59AM,"Strykers manufacturing, shipping disrupted after cyberattack",NEU
SYK,mar-12-26,06:03PM,"Stryker flags disruption to orders, manufacturing a day after cyberattack",NEG
SYK,mar-12-26,02:05PM,Tech Giants Hover on Cusp of a Correction as War Heats Up,NEG
SYK,mar-12-26,06:46AM,Oil went over $100 again after the U.S. admitted it cannot control the Strait of Hormuz,POS
SYK,mar-11-26,09:09PM,Middle East war: global economic fallout,NEG
SYK,mar-11-26,03:20PM,Stryker Stock Falls After Cyberattack,NEU
SYK,mar-11-26,02:25PM,"Hims & Hers C-suite shake-up, Stryker outage may be Iran-backed",NEU
SYK,mar-11-26,02:20PM,US medical equipment company Stryker says cyberattack disrupted its global networks,NEU
SYK,mar-11-26,11:48AM,Stryker the target of possible Iran-linked cyberattack,NEU
SYK,mar-11-26,05:20AM,Citi opens 'upside 90-day catalyst watch' on Stryker,NEU
SYK,mar-10-26,01:39PM,Stryker Introduces SmartHospital Platform to Advance Connected Care,POS
SYK,mar-10-26,01:14PM,Stryker (SYK) Expands Digital Healthcare Push with New SmartHospital Platform,POS
SYK,mar-09-26,09:07AM,Stryker launches SmartHospital Platform,NEU
SYK,mar-04-26,10:50AM,Stryker Unveils Next-Gen Orthopedic Innovations at AAOS 2026,NEU
SYK,mar-04-26,05:28AM,Stryker execs discuss Mako RPS launch at AAOS,NEU
SYK,mar-03-26,08:00AM,Stryker showcases continued innovation across orthopaedics at AAOS 2026 Annual Meeting,POS
SYK,feb-28-26,09:11PM,Stryker (SYK) Sees Higher Price Target from UBS amid Continued MedTech Strength,POS
SYK,feb-27-26,11:40AM,GEHC vs. SYK: Which Stock Should Value Investors Buy Now?,POS
SYK,feb-26-26,11:21AM,"A Decade From Now, You'll Regret Not Buying This 1 Small-Cap Stock",NEG
SYK,feb-26-26,11:06AM,How Is Stryker's Stock Performance Compared to Other Healthcare Stocks?,NEU
SYK,feb-25-26,11:57AM,Stryker Launches Synchfix EVT for Flexible Syndesmotic Fixation,POS
SYK,feb-25-26,06:07AM,Stryker unveils Synchfix EVT for flexible syndesmotic ankle fixation,POS
SYK,feb-24-26,06:01PM,"Top Stock Reports for Costco, Roche & Lam Research",POS
SYK,feb-24-26,08:41AM,"Stryker launches Synchfix EVT, expanding options for flexible syndesmotic fixation",POS
SYK,feb-23-26,03:38PM,Stryker Corporation (SYK) Gains Strength From Procedure Volumes and Capital Equipment Backlog,POS
SYK,feb-20-26,09:39AM,"Walmart downgraded, Etsy upgraded: Wall Street's top analyst calls",POS
SYK,feb-20-26,09:04AM,AI-Driven Innovation Accelerates Tempus AI's Expansion Across MedTech,POS
SYK,feb-16-26,09:55AM,J&J's MedTech Shows Strong Growth in 2025: Will 2026 be Better?,POS
SYK,feb-13-26,07:57AM,"BSX Posts Q4 Earnings: Should You Buy, Sell or Hold the Stock?",NEU
SYK,feb-12-26,12:57PM,Stryker Launches T2 Alpha Humerus Nailing System for Fracture Care,POS
SYK,feb-12-26,08:27AM,Are Wall Street Analysts Bullish on Stryker Stock?,NEU
SYK,feb-11-26,11:40AM,GEHC or SYK: Which Is the Better Value Stock Right Now?,POS
SYK,feb-11-26,11:14AM,Should You Buy ISRG Stock Despite a 13% Fall in Three Months?,NEU
SYK,feb-11-26,09:03AM,"Stryker launches T2 Alpha Humerus Nailing System, supporting surgical workflow and care for complex fractures",POS
SYK,feb-10-26,05:00AM,Stryker starts limited release of Mako RPS handheld knee robot,NEG
SYK,feb-09-26,10:29AM,Stryker introduces Mako Handheld Robotics with the limited market release of Mako RPS,NEG
SYK,feb-05-26,10:42AM,Can Intuitive Surgical Sustain Robust Top-line Growth in 2026?,POS
SYK,feb-04-26,08:00AM,Stryker declares an $0.88 per share quarterly dividend,POS
SYK,feb-03-26,08:08PM,Mercury Systems Q2 Earnings Call Highlights,NEU
SYK,jan-30-26,02:31PM,Piper Sandler Maintains Overweight Rating on Stryker Corporation (SYK),NEG
SYK,jan-30-26,12:28PM,Health Care Roundup: Market Talk,POS
SYK,jan-30-26,10:25AM,SYK Stock Gains as Q4 Earnings & Sales Beat on Strong Mako Adoption,POS
SYK,jan-30-26,07:56AM,Stryker enters 2026 with strong momentum after FY25 revenue eclipses $25bn,POS
SYK,jan-30-26,02:08AM,Stryker Q4 Earnings Call Highlights,NEU
SYK,jan-30-26,12:04AM,Stryker Corp (SYK) Q4 2025 Earnings Call Highlights: Record Revenue and Robust Growth Amid ...,POS
SYK,jan-29-26,10:55PM,Analyst Report: Stryker Corporation,NEU
SYK,jan-29-26,06:00PM,"Compared to Estimates, Stryker (SYK) Q4 Earnings: A Look at Key Metrics",NEU
SYK,jan-29-26,05:25PM,Stryker (SYK) Surpasses Q4 Earnings and Revenue Estimates,NEU
SYK,jan-29-26,05:01PM,Stryker's (NYSE:SYK) Q4 CY2025 Sales Top Estimates,POS
SYK,jan-29-26,04:56PM,Stryker shares higher as fourth quarter results beat expectations,POS
SYK,jan-29-26,04:29PM,Stryker: Q4 Earnings Snapshot,NEU
SYK,jan-29-26,04:05PM,Stryker reports 2025 operating results and 2026 outlook,NEU
SYK,jan-28-26,08:24AM,SYK's Q4 Results Likely to Reflect Procedure Growth and Capital Demand,POS
SYK,jan-27-26,10:13PM,What To Expect From Stryker's (SYK) Q4 Earnings,NEU
SYK,jan-27-26,09:37AM,"Target upgraded, Stryker downgraded: Wall Street's top analyst calls",POS
SYK,jan-26-26,10:20AM,AVNS & Siemens Healthineers Team Up on Advanced Integrated Pain Care,POS
SYK,jan-26-26,09:50AM,Here's Why Stryker (SYK) is a Strong Momentum Stock,POS
SYK,jan-26-26,09:50AM,China Remains Competitive: Can ISRG Defend Share Amid Local Rivals?,POS
SYK,jan-26-26,09:15AM,Gear Up for Stryker (SYK) Q4 Earnings: Wall Street Estimates for Key Metrics,NEU
SYK,jan-26-26,08:20AM,"Tesla, Microsoft, Meta, SanDisk And More: Stocks With Earnings This Week",NEU
SYK,jan-25-26,07:52AM,"Big Tech earnings, Fed meeting feature as markets end January with busiest week of Q1: What to watch",NEU
SYK,jan-22-26,10:00AM,Stryker (SYK) Earnings Expected to Grow: What to Know Ahead of Next Week's Release,NEU
SYK,jan-19-26,07:52AM,HOLX vs. SYK: Which Medical Device Leader Is a Solid Bet Now?,POS
SYK,jan-16-26,07:30AM,JPM26: Medtech CEO says conferences appeal in decline,NEU
SYK,jan-15-26,11:36PM,1 Healthcare Stock Worth Your Attention and 2 We Avoid,NEG
SYK,jan-15-26,11:40AM,NVST vs. SYK: Which Stock Is the Better Value Option?,POS
SYK,jan-15-26,07:10AM,JPM26: Zimmer Biomet doubles down on orthopaedic robotics and specialised sales force in US,NEU
SYK,jan-13-26,07:48AM,What's Powering J&J's MedTech Growth Ahead of Q4 Release?,POS
SYK,jan-06-26,03:05PM,"Stryker (SYK) Stock Trades Up, Here Is Why",NEU
SYK,jan-06-26,12:37PM,Why Stryker Stock Popped Today,NEU
SYK,jan-06-26,09:38AM,"CoreWeave initiated, Shopify downgraded: Wall Street's top analyst calls",POS
SYK,jan-06-26,08:57AM,VB Spine Completes Acquisition of Cestas Manufacturing Facility from Stryker,NEU
SYK,jan-06-26,08:05AM,"Here Are Tuesdays Top Wall Street Analyst Research Calls: AT&T, CoreWeave, Digital Realty, Palantir Technologies, ServiceNow, Shopify, SoFi Technologies, and More",POS
SYK,jan-05-26,08:00AM,Stryker to announce financial results for its fourth quarter and full year 2025,NEU
SYK,dec-31-25,07:32AM,ISRG Sees 91% SP Growth: A Turning Point for Single-Port Surgery?,POS
SYK,dec-30-25,11:40AM,NVST vs. SYK: Which Stock Should Value Investors Buy Now?,POS
SYK,dec-29-25,08:55AM,Want Better Returns? Don't Ignore These 2 Medical Stocks Set to Beat Earnings,POS
SYK,dec-26-25,03:48AM,Stryker Earnings Preview: What to Expect,NEU
SYK,dec-24-25,08:05AM,"Is Fidelity Medical Equipment the Ultimate ""Forever Fund"" for Health Care Investors?",POS
SYK,dec-24-25,07:02AM,Intuitive Surgical vs. Stryker: Which MedTech Stock Has More Upside?,NEU
SYK,dec-22-25,09:53AM,"Citi Cuts Stryker (SYK) PT, Maintains Buy Amid Leadership Changes",NEG
SYK,dec-19-25,11:06AM,Stocks Climb as Tech Shares Rally,POS
SYK,dec-19-25,10:00AM,Stocks Supported by Strength in Cloud Stocks and Chip Makers,POS
SYK,dec-19-25,09:43AM,"Circle Internet initiated, Lyft downgraded: Wall Street's top analyst calls",POS
SYK,dec-19-25,07:56AM,"Here Are Fridays Top Wall Street Analyst Research Calls: Birkenstock, Coreweave, Lockheed Martin, Lyft, Paccar, Stryker, Synaptics, and More",POS
SYK,dec-18-25,09:45AM,Why Stryker (SYK) is a Top Growth Stock for the Long-Term,POS
VRTX,mar-25-26,02:35PM,Maze set to target Vertex as kidney disease drug succeeds in Phase II trial,POS
VRTX,mar-25-26,11:25AM,Maze tumbles on positive data for kidney disease drug,POS
VRTX,mar-25-26,11:25AM,Maze tumbles despite positive data for kidney disease drug,NEG
VRTX,mar-25-26,09:53AM,Why Maze Therapeutics Plunged 20%-Plus Despite 'Overwhelming Positive' Data,NEG
VRTX,mar-24-26,11:05AM,Anti-Aging Protein Research Takes a Step Forward with Cell Cloning,NEU
VRTX,mar-24-26,07:00AM,"The most innovative medicine, therapeutics, and pharmaceutical companies of 2026",POS
VRTX,mar-20-26,02:10PM,7 Companies That Look Primed to Beat on Earnings,NEU
VRTX,mar-18-26,09:34AM,"Block upgraded, Starbucks downgraded: Wall Street's top analyst calls",NEG
VRTX,mar-11-26,06:33AM,"S&P Futures Waver as Middle East Conflict Uncertainty Persists, U.S. Inflation Data in Focus",NEG
VRTX,mar-10-26,04:21PM,Vertex Just Reported Trial Results for a Kidney Drug. What It Means for the Stock.,NEU
VRTX,mar-10-26,03:36PM,Why Vertex Pharmaceuticals (VRTX) Stock Is Up Today,NEU
VRTX,mar-10-26,02:17PM,Vertex to seek approval of IgAN drug after Phase III success,POS
VRTX,mar-10-26,01:10PM,"This Pharmaceutical Stock Is Leading the S&P 500 Higher Tuesday, After 'Remarkable' Trial Results",NEU
VRTX,mar-10-26,01:03PM,"Oil Crashes 10%, Stocks Rebound On Trump End-Of-War Signals: What's Moving Markets Tuesday?",NEU
VRTX,mar-10-26,12:56PM,What's Going On With CRISPR Therapeutics Stock Today?,NEU
VRTX,mar-10-26,12:14PM,VRTX Stock Gains on Upbeat Interim Data From Kidney Disease Drug Study,POS
VRTX,mar-10-26,09:24AM,"Vertex's New Kidney Drug Delivers Big Trial Win, Stock Jumps",POS
VRTX,mar-10-26,05:55AM,"These Stocks Are Today's Movers: Occidental, Vertex, HPE, TSMC, Oracle, and More",NEU
VRTX,mar-10-26,05:20AM,Vertex Stock Jumps. What Wall Street Is Saying About Its Kidney Drug Trial.,NEU
VRTX,mar-09-26,04:02PM,Vertex Announces Positive Week 36 Interim Analysis Results for Primary and All Secondary Endpoints in the RAINIER Phase 3 Trial of Povetacicept in Adults With IgA Nephropathy,POS
VRTX,mar-09-26,01:29PM,Vertex kidney disease drug hits mark in late-stage study,NEU
VRTX,mar-08-26,09:03PM,"CRISPR Therapeutics Pivots Beyond Casgevy, Highlights CTX310 Data and New Cardiovascular Push",NEU
VRTX,mar-06-26,10:05AM,Vertex says JOURNAVX demonstrates effective pain management in study,NEG
VRTX,mar-05-26,04:00PM,Vertex to Participate in Upcoming March Investor Conferences,NEU
VRTX,mar-05-26,10:00AM,Vertex to Present New Data on JOURNAVX That Demonstrates Effective Pain Management Following Aesthetic and Reconstructive Procedures,NEG
VRTX,mar-04-26,04:34AM,"The Zacks Analyst Blog Highlights Broadcom, AT&T, Vertex and InterGroup",NEU
VRTX,mar-03-26,05:05PM,"Top Research Reports for Broadcom, AT&T & Vertex Pharmaceuticals",POS
VRTX,mar-02-26,06:50PM,Analyst Report: Royalty Pharma plc,NEU
VRTX,mar-02-26,02:43PM,"Vertex Gets Rating Upgrade, Earnings Rose Every Quarter This Past Year",NEU
VRTX,mar-02-26,09:00AM,Investors Heavily Search Vertex Pharmaceuticals Incorporated (VRTX): Here is What You Need to Know,NEU
VRTX,feb-28-26,02:21AM,Here's What Analysts Are Saying About Vertex Pharmaceuticals (VRTX),NEU
VRTX,feb-26-26,03:40PM,Physician-Scientist Reshma Kewalramani Runs One of Biotechs Biggest Companies,NEU
VRTX,feb-26-26,07:35AM,Is Vertex Stock Outperforming the Dow?,NEU
VRTX,feb-25-26,11:33AM,Novo Nordisk's 40% Fall May Be Creating A Deep-Value Moment,POS
VRTX,feb-24-26,06:44PM,Analyst Report: CRISPR Therapeutics AG,NEU
VRTX,feb-19-26,12:32PM,CRISPR Therapeutics Gains After Earnings as Pipeline Hope Grows,POS
VRTX,feb-19-26,07:16AM,"CRISPR Therapeutics touts zugo-cel CAR-T gains, eyes autoimmune expansion at Citi oncology summit",POS
VRTX,feb-19-26,12:37AM,5 Insightful Analyst Questions From Vertex Pharmaceuticals's Q4 Earnings Call,NEU
VRTX,feb-17-26,05:10PM,Analyst Report: Vertex Pharmaceuticals Incorporated,NEU
VRTX,feb-17-26,04:17PM,Analyst Report: CRISPR Therapeutics AG,NEU
VRTX,feb-17-26,04:00PM,Vertex to Participate in TD Cowen 46th Annual Health Care Conference on March 3,POS
VRTX,feb-17-26,09:00AM,Here is What to Know Beyond Why Vertex Pharmaceuticals Incorporated (VRTX) is a Trending Stock,NEU
VRTX,feb-17-26,12:21AM,Vertex Pharmaceuticals Stock: Is Wall Street Bullish or Bearish?,NEU
VRTX,feb-16-26,07:48AM,Moderna's Shares Climb 5.3% as Investors Revisit Biotech Leaders,POS
VRTX,feb-15-26,03:02PM,Entrada Therapeutics Teases Data-Rich 2026 With DMD and DM1 Catalysts at Guggenheim Summit,NEG
VRTX,feb-14-26,09:06AM,Crispr Therapeutics price target raised to $74 from $62 at Evercore ISI,NEU
VRTX,feb-13-26,01:48PM,"Small Caps, Silver Rally As Inflation Cools Further: What's Moving Markets Friday?",NEU
VRTX,feb-13-26,01:45PM,CRISPR Therapeutics Spotlights Momentum For Lead Gene Therapy As Adoption Widens,NEU
VRTX,feb-13-26,11:53AM,"VRTX's Q4 Earnings Miss Mark, Revenues Beat on Higher Product Sales",NEG
VRTX,feb-13-26,11:38AM,"Moderna Q4 Loss Narrower-Than-Expected, Sales Beat Estimates",NEG
VRTX,feb-13-26,10:04AM,"CRSP Posts Wider-Than-Expected Loss in Q4, Sales Miss Estimates",NEG
VRTX,feb-13-26,09:54AM,Vertex Pharma (VRTX) Renal Pipeline Seen as Major Growth Driver by Barclays,POS
VRTX,feb-13-26,09:49AM,Stock Market Today: Dow Slips After CPI Inflation Surprise; DraftKings Plunges On Earnings (Live Coverage),POS
VRTX,feb-13-26,12:32AM,VRTX Q4 Deep Dive: Diversification Beyond Cystic Fibrosis Sets Stage for Next Growth Phase,POS
VRTX,feb-13-26,12:05AM,Vertex Pharmaceuticals Inc (VRTX) Q4 2025 Earnings Call Highlights: Strong Revenue Growth and ...,POS
VRTX,feb-12-26,11:14PM,Vertex Pharmaceuticals (VRTX) Stock Drops After Hours - Here's Why It's Trending Tonight,NEU
VRTX,feb-12-26,09:07PM,Vertex Pharmaceuticals Q4 Earnings Call Highlights,NEU
VRTX,feb-12-26,06:00PM,Vertex (VRTX) Q4 Earnings: How Key Metrics Compare to Wall Street Estimates,NEU
VRTX,feb-12-26,05:20PM,Vertex Pharmaceuticals (VRTX) Q4 Earnings Miss Estimates,NEG
VRTX,feb-12-26,04:17PM,Vertex: Q4 Earnings Snapshot,NEU
VRTX,feb-12-26,04:11PM,Vertex Pharmaceuticals's (NASDAQ:VRTX) Q4 CY2025: Beats On Revenue,NEU
VRTX,feb-12-26,04:01PM,Vertex Reports Fourth Quarter and Full Year 2025 Financial Results,NEU
VRTX,feb-12-26,09:50AM,Why Vertex Pharmaceuticals (VRTX) is a Top Momentum Stock for the Long-Term,POS
VRTX,feb-10-26,10:03PM,Vertex Pharmaceuticals (VRTX) Q4 Earnings: What To Expect,NEU
VRTX,feb-10-26,11:10AM,LLY Expands Cell Therapy Ambitions With $2.4B Orna Therapeutics Deal,POS
VRTX,feb-10-26,10:45AM,Vertex Gears Up to Report Q4 Earnings: Is a Beat in the Cards?,NEU
VRTX,feb-09-26,11:38AM,Will These 5 Drug Bigwigs Surpass Q4 Earnings Forecasts?,NEU
VRTX,feb-09-26,11:30AM,"Robinhood, AppLovin, Rivian and More Stocks With Earnings This Week",NEU
VRTX,feb-09-26,09:15AM,Seeking Clues to Vertex (VRTX) Q4 Earnings? A Peek Into Wall Street Projections for Key Metrics,NEU
VRTX,feb-09-26,08:55AM,How to Find Strong Medical Stocks Slated for Positive Earnings Surprises,POS
VRTX,feb-05-26,07:28PM,Analyst Report: CRISPR Therapeutics AG,NEU
VRTX,feb-05-26,10:00AM,Vertex Pharmaceuticals (VRTX) Earnings Expected to Grow: What to Know Ahead of Next Week's Release,NEU
VRTX,feb-04-26,10:28AM,Software stocks take hit on AI. Is Wall Street worried of a bubble?,NEG
VRTX,feb-04-26,08:55AM,Why Investors Need to Take Advantage of These 2 Medical Stocks Now,POS
VRTX,feb-03-26,02:57PM,These Are The Worst 25 Stocks to Own in February,NEG
VRTX,feb-03-26,09:00AM,Is Trending Stock Vertex Pharmaceuticals Incorporated (VRTX) a Buy Now?,NEU
VRTX,feb-03-26,08:30AM,Here's How Much a $1000 Investment in Vertex Pharmaceuticals Made 10 Years Ago Would Be Worth Today,POS
VRTX,feb-03-26,08:30AM,CRSP to Report Q4 Earnings: Is a Beat in Store for the Stock?,NEU
VRTX,jan-31-26,11:31AM,Why Analysts Are Positive on Vertex Pharmaceuticals Incorporated (VRTX)'s Story,POS
VRTX,jan-30-26,05:50PM,Why Vertex Pharmaceuticals (VRTX) Dipped More Than Broader Market Today,NEU
VRTX,jan-30-26,11:15AM,Dow Jones Leader Amgen Leads These Biotech Stocks Heading Into Q4 Earnings Season,NEU
VRTX,jan-29-26,05:19PM,"Top Analyst Reports for Applied Materials, Linde & Abbott",POS
VRTX,jan-29-26,09:20AM,Prediction: 2026 Will Be the Year of Vertex Pharmaceuticals,NEU
VRTX,jan-29-26,07:00AM,Satellos Appoints Antoinette Paone as Chief Development Officer and Head of Regulatory Affairs,NEU
VRTX,jan-28-26,11:34PM,1 Healthcare Stock to Consider Right Now and 2 We Brush Off,NEU
VRTX,jan-28-26,07:31AM,Here's Why Hardman Johnston Global Equity Strategy Sold Vertex Pharmaceuticals (VRTX),NEU
VRTX,jan-26-26,10:16AM,Breaking Barriers: How 2026's Top Clinical Leaders Are Disrupting Chronic Disease Markets,POS
VRTX,jan-23-26,09:30AM,Wall Street Analysts Think Vertex (VRTX) Is a Good Investment: Is It?,POS
VRTX,jan-22-26,06:00PM,Vertex Pharmaceuticals (VRTX) Exceeds Market Returns: Some Facts to Consider,NEU
VRTX,jan-22-26,12:07AM,Why Is Vertex Pharmaceuticals (VRTX) Stock Trending Overnight?,NEU
VRTX,jan-21-26,10:35PM,Reflecting On Therapeutics Stocks' Q3 Earnings: Vertex Pharmaceuticals (NASDAQ:VRTX),NEU
VRTX,jan-20-26,04:00PM,Vertex to Announce Fourth Quarter and Full Year 2025 Financial Results on February 12th,NEU
VRTX,jan-19-26,10:31PM,Unpacking Q3 Earnings: Vertex Pharmaceuticals (NASDAQ:VRTX) In The Context Of Other Therapeutics Stocks,NEU
VRTX,jan-19-26,07:49AM,"Bernstein Names Vertex (VRTX) a ""Top Biotech Pick"" for 2026 Following Upgrade to Outperform",POS
VRTX,jan-19-26,05:04AM,My Forever Portfolio: 5 Stocks I Don't Plan on Ever Selling,NEU
VRTX,jan-16-26,08:54AM,Implied Volatility Surging for Vertex Pharmaceuticals Stock Options,NEU
VRTX,jan-15-26,06:00PM,Vertex Pharmaceuticals (VRTX) Stock Sinks As Market Gains: Here's Why,POS
VRTX,jan-15-26,08:55AM,How to Boost Your Portfolio with Top Medical Stocks Set to Beat Earnings,POS
VRTX,jan-14-26,11:35AM,Prediction: These Could Be the Best-Performing Healthcare Stocks Through 2030,NEU
VRTX,jan-13-26,10:25AM,JPM26: Vertex hopes to match cystic fibrosis success in pain and kidney disease,POS
